course,model_name,rmse_mean,mae_mean,mape_mean
aiare 1,lasso_alpha=1.0,8.039640185697552,6.092384851724361,3.4162172144892042
aiare 1,lasso_alpha=0.5,8.416829779416805,6.49572688865628,4.502322612449493
aiare 1,lasso_alpha=0.1,8.662706130873048,6.830049823280271,5.694532049895412
aiare 1,lasso_alpha=0.05,8.962663752798546,7.1348759316905985,8.215091566837392
aiare 1,lasso_alpha=0.01,9.090124277886288,7.379115975079857,12.82763129949026
aiare 1,lasso_alpha=0.001,9.453398180766099,7.8499526547863345,15.09750935320066
aiare 1,huber_epsilon=1.5_alpha=0.001,12.658720253778014,11.803499119160808,40.37620137410255
aiare 1,huber_epsilon=1.5_alpha=0.0001,12.888521427968294,11.369884078801434,35.90673283856266
aiare 1,huber_epsilon=1.35_alpha=0.001,13.589254817661478,11.951433030863114,27.335305110382446
aiare 1,huber_epsilon=2.0_alpha=0.0001,13.80352341077536,12.503371898593285,50.70829024347819
aiare 1,huber_epsilon=2.0_alpha=0.001,15.365832418044887,14.321931410681334,38.70883356044079
aiare 1,huber_epsilon=1.35_alpha=0.0001,16.286690201354165,14.313039184883298,38.264494618227296
aiare 1,ridge_alpha=0.01,16.56940509072091,15.37555069515493,30.70341431143275
aiare 1,elasticnet_alpha=0.01_l1_ratio=0.9,24.711614812694272,23.288844949230008,34.758426170310415
aiare 1,huber_epsilon=1.1_alpha=0.0001,25.8605778674798,23.694843500330993,36.63171900936998
aiare 1,huber_epsilon=1.1_alpha=0.001,28.22299291585662,25.903370599126383,37.427211529161774
aiare 1,elasticnet_alpha=0.01_l1_ratio=0.7,41.54563905759598,38.562804426827306,36.60391584061706
aiare 1,ridge_alpha=0.1,42.94814989710664,39.969877481002236,41.49459401255014
aiare 1,elasticnet_alpha=0.05_l1_ratio=0.9,52.61238298976967,46.751132359688356,52.758096407016914
aiare 1,elasticnet_alpha=0.01_l1_ratio=0.5,54.57028541406736,48.62195201944363,47.35883542782675
aiare 1,elasticnet_alpha=0.01_l1_ratio=0.3,67.94726137646786,60.533577012704924,85.23210081056348
aiare 1,gbr_n_estimators=200_learning_rate=0.1_max_depth=6_subsample=0.8,72.46034582731642,60.101761823978144,21.29792811348779
aiare 1,gbr_n_estimators=300_learning_rate=0.1_max_depth=6_subsample=0.8,72.4603815812656,60.10181548381736,21.297901384736413
aiare 1,gbr_n_estimators=100_learning_rate=0.1_max_depth=6_subsample=0.8,72.47444511709604,60.1110299199197,21.321739878326614
aiare 1,gbr_n_estimators=200_learning_rate=0.05_max_depth=3_subsample=0.8,72.79062801287564,64.44864394976642,80.17268592130804
aiare 1,gbr_n_estimators=300_learning_rate=0.05_max_depth=3_subsample=0.8,72.83580691981,64.50420665707928,79.77209878611386
aiare 1,gbr_n_estimators=100_learning_rate=0.05_max_depth=3_subsample=0.8,75.3838656003383,66.58400679027993,102.79198348751136
aiare 1,gbr_n_estimators=300_learning_rate=0.1_max_depth=4_subsample=0.8,76.21073851101364,62.12170575726599,95.55869773449115
aiare 1,gbr_n_estimators=200_learning_rate=0.1_max_depth=4_subsample=0.8,76.21102471071436,62.122080627805495,95.55911483071529
aiare 1,gbr_n_estimators=100_learning_rate=0.1_max_depth=4_subsample=0.8,76.23174932087454,62.14380209066655,95.68200182892124
aiare 1,extra_trees_n_estimators=200_max_depth=None_min_samples_leaf=1,77.54837476400867,68.10476190476189,35.56470579086791
aiare 1,extra_trees_n_estimators=200_max_depth=20_min_samples_leaf=1,77.54837476400867,68.10476190476189,35.56470579086791
aiare 1,gbr_n_estimators=300_learning_rate=0.2_max_depth=4_subsample=0.8,77.64352889816125,65.82914224910449,85.88673155777283
aiare 1,gbr_n_estimators=200_learning_rate=0.2_max_depth=4_subsample=0.8,77.64352910950718,65.82914245135824,85.88673158759129
aiare 1,gbr_n_estimators=100_learning_rate=0.2_max_depth=4_subsample=0.8,77.64364239566048,65.82907020593147,85.88563155496549
aiare 1,extra_trees_n_estimators=200_max_depth=10_min_samples_leaf=1,78.36801494247433,68.30559523809524,35.67488088636614
aiare 1,extra_trees_n_estimators=300_max_depth=10_min_samples_leaf=1,78.37060037622958,68.4396031746032,38.893118453605204
aiare 1,extra_trees_n_estimators=100_max_depth=None_min_samples_leaf=1,78.5996503402174,68.57619047619052,38.17383920887985
aiare 1,extra_trees_n_estimators=100_max_depth=20_min_samples_leaf=1,78.5996503402174,68.57619047619052,38.17383920887985
aiare 1,extra_trees_n_estimators=300_max_depth=None_min_samples_leaf=1,79.11763532566974,68.81333333333336,38.90804072865069
aiare 1,extra_trees_n_estimators=300_max_depth=20_min_samples_leaf=1,79.11763532566974,68.81333333333336,38.90804072865069
aiare 1,elasticnet_alpha=0.01_l1_ratio=0.1,80.36496977315736,71.88457110721568,129.9147794766016
aiare 1,extra_trees_n_estimators=300_max_depth=5_min_samples_leaf=1,82.57061762691667,72.32662192650966,50.37949589588902
aiare 1,extra_trees_n_estimators=100_max_depth=10_min_samples_leaf=1,83.33452771727688,72.4697619047619,38.43593936931023
aiare 1,elasticnet_alpha=0.1_l1_ratio=0.9,84.6458416532431,76.75687772823942,178.17860083502748
aiare 1,extra_trees_n_estimators=200_max_depth=5_min_samples_leaf=1,86.038346688288,74.76313668911631,51.877029763877694
aiare 1,gbr_n_estimators=300_learning_rate=0.1_max_depth=3_subsample=0.8,87.10891508300368,73.27964631967981,58.63627706548671
aiare 1,gbr_n_estimators=200_learning_rate=0.1_max_depth=3_subsample=0.8,87.11382244698953,73.28064536225574,58.63592170942837
aiare 1,gbr_n_estimators=100_learning_rate=0.1_max_depth=3_subsample=0.8,87.14969997543335,73.28609974592915,58.80763250975452
aiare 1,extra_trees_n_estimators=100_max_depth=5_min_samples_leaf=1,87.46212772699091,78.54188114134548,65.09348199243814
aiare 1,gbr_n_estimators=200_learning_rate=0.05_max_depth=5_subsample=0.8,89.34491743772217,69.95650729790111,91.44582442122872
aiare 1,gbr_n_estimators=300_learning_rate=0.05_max_depth=5_subsample=0.8,89.34591613829294,69.9423849629221,91.23430363198909
aiare 1,gbr_n_estimators=100_learning_rate=0.05_max_depth=5_subsample=0.8,89.8516008896456,71.6095652207584,111.45854991932232
aiare 1,gbr_n_estimators=300_learning_rate=0.05_max_depth=4_subsample=0.8,90.76766432121279,73.18499432148602,50.235286778352226
aiare 1,gbr_n_estimators=200_learning_rate=0.05_max_depth=4_subsample=0.8,90.79649250067426,73.22358492800268,50.62656087798665
aiare 1,gbr_n_estimators=100_learning_rate=0.2_max_depth=3_subsample=1.0,91.70937653894543,71.94800454021667,13.539088312210438
aiare 1,gbr_n_estimators=200_learning_rate=0.2_max_depth=3_subsample=1.0,91.70962625383254,71.94845400629998,13.536384320610054
aiare 1,gbr_n_estimators=300_learning_rate=0.2_max_depth=3_subsample=1.0,91.70962814195143,71.94845592261996,13.536378267374857
aiare 1,gbr_n_estimators=100_learning_rate=0.05_max_depth=4_subsample=0.8,92.76762059235152,75.148101726407,72.67926904397483
aiare 1,gbr_n_estimators=300_learning_rate=0.05_max_depth=3_subsample=1.0,94.95007401106355,72.68305985536904,15.79786246504408
aiare 1,gbr_n_estimators=200_learning_rate=0.05_max_depth=3_subsample=1.0,94.96784782965338,72.69101973870518,15.820336222301409
aiare 1,gbr_n_estimators=300_learning_rate=0.05_max_depth=6_subsample=0.8,96.2424038949129,82.5570497175739,70.58568147123101
aiare 1,gbr_n_estimators=200_learning_rate=0.05_max_depth=6_subsample=0.8,96.27504532466828,82.57980376747744,70.61336537781513
aiare 1,gbr_n_estimators=100_learning_rate=0.05_max_depth=6_subsample=0.8,96.68006398449957,82.60648112975971,82.12976674347362
aiare 1,gbr_n_estimators=100_learning_rate=0.05_max_depth=3_subsample=1.0,97.69970683483578,76.02281417113684,35.46476424514501
aiare 1,gbr_n_estimators=100_learning_rate=0.2_max_depth=3_subsample=0.8,100.21195937631423,87.85390183099938,33.08546412165236
aiare 1,gbr_n_estimators=200_learning_rate=0.2_max_depth=3_subsample=0.8,100.21597372519886,87.85876309977525,33.08636541257985
aiare 1,gbr_n_estimators=300_learning_rate=0.2_max_depth=3_subsample=0.8,100.21598318459961,87.85876091361158,33.086342412895625
aiare 1,hgb_max_iter=400_learning_rate=0.1_max_depth=3_min_samples_leaf=5,102.74461799032562,84.05875933227699,46.52979661829261
aiare 1,hgb_max_iter=100_learning_rate=0.1_max_depth=3_min_samples_leaf=5,104.117384830025,84.96837221017759,120.64046413751389
aiare 1,gbr_n_estimators=300_learning_rate=0.01_max_depth=3_subsample=0.8,104.14155500577883,93.62898612707556,257.36917717021396
aiare 1,hgb_max_iter=200_learning_rate=0.1_max_depth=3_min_samples_leaf=5,104.46279787721676,84.27724940092483,92.79071143222437
aiare 1,hgb_max_iter=200_learning_rate=0.2_max_depth=3_min_samples_leaf=5,104.85299566090795,86.01989591103822,36.45492430659779
aiare 1,hgb_max_iter=400_learning_rate=0.2_max_depth=3_min_samples_leaf=5,104.96416748589169,86.2239603205796,33.90390721713039
aiare 1,random_forest_n_estimators=100_max_depth=5_min_samples_leaf=1,105.67130262699781,89.53209544688114,116.64968383270055
aiare 1,hgb_max_iter=100_learning_rate=0.2_max_depth=3_min_samples_leaf=5,106.66351122913859,86.64103871164893,73.15919569507449
aiare 1,random_forest_n_estimators=100_max_depth=None_min_samples_leaf=1,106.96832094157234,92.59285714285714,122.96163815571654
aiare 1,random_forest_n_estimators=100_max_depth=10_min_samples_leaf=1,106.96832094157234,92.59285714285714,122.96163815571654
aiare 1,random_forest_n_estimators=100_max_depth=20_min_samples_leaf=1,106.96832094157234,92.59285714285714,122.96163815571654
aiare 1,gbr_n_estimators=200_learning_rate=0.1_max_depth=3_subsample=1.0,106.98743372673304,84.39567329294594,23.482486618338577
aiare 1,gbr_n_estimators=300_learning_rate=0.1_max_depth=3_subsample=1.0,106.9874847394842,84.39576756320187,23.482420552631186
aiare 1,gbr_n_estimators=100_learning_rate=0.1_max_depth=3_subsample=1.0,107.00240726246356,84.40271964833826,23.49559470113918
aiare 1,hgb_max_iter=200_learning_rate=0.05_max_depth=3_min_samples_leaf=5,107.19320697824357,86.27298356671453,121.1991309149215
aiare 1,hgb_max_iter=400_learning_rate=0.1_max_depth=4_min_samples_leaf=5,107.73904704413057,87.96952996227726,54.14684704165158
aiare 1,gbr_n_estimators=300_learning_rate=0.01_max_depth=5_subsample=0.8,109.2165959116397,100.18160479540094,251.04685890526613
aiare 1,hgb_max_iter=100_learning_rate=0.1_max_depth=4_min_samples_leaf=5,109.44596889977257,90.53985042705644,122.11520027889051
aiare 1,gbr_n_estimators=100_learning_rate=0.1_max_depth=5_subsample=0.8,109.85109704864276,88.66954487586801,31.460734627472895
aiare 1,hgb_max_iter=200_learning_rate=0.1_max_depth=4_min_samples_leaf=5,109.8554430883826,88.92455651470006,97.87459924009515
aiare 1,gbr_n_estimators=200_learning_rate=0.1_max_depth=5_subsample=0.8,109.863839554837,88.69370294235357,31.5312977369668
aiare 1,gbr_n_estimators=300_learning_rate=0.1_max_depth=5_subsample=0.8,109.86384936099871,88.69372894981983,31.53115958014103
aiare 1,hgb_max_iter=400_learning_rate=0.05_max_depth=3_min_samples_leaf=5,110.03793607194244,88.63187110750768,101.61314530563668
aiare 1,elasticnet_alpha=0.05_l1_ratio=0.7,110.5413919189091,100.06812965251628,269.55981062843927
aiare 1,hgb_max_iter=100_learning_rate=0.05_max_depth=3_min_samples_leaf=5,110.55623737912588,85.02190614019368,139.19784034579595
aiare 1,hgb_max_iter=200_learning_rate=0.05_max_depth=4_min_samples_leaf=5,110.7505330844729,90.28243184058874,128.1982939166487
aiare 1,hgb_max_iter=200_learning_rate=0.05_max_depth=6_min_samples_leaf=5,111.06326786928182,90.55709872453649,128.36495609920254
aiare 1,hgb_max_iter=100_learning_rate=0.1_max_depth=6_min_samples_leaf=5,111.06689981937357,92.46538371165914,122.73087015105484
aiare 1,gbr_n_estimators=300_learning_rate=0.01_max_depth=6_subsample=0.8,111.21090610860871,102.34802105601102,254.89968090696524
aiare 1,hgb_max_iter=100_learning_rate=0.05_max_depth=6_min_samples_leaf=5,111.36832994959147,86.71757434721692,139.36196976318317
aiare 1,hgb_max_iter=100_learning_rate=0.05_max_depth=4_min_samples_leaf=5,111.63119151952185,86.75183055440714,141.61851661514737
aiare 1,random_forest_n_estimators=200_max_depth=5_min_samples_leaf=1,111.9434062025664,97.17196353382066,159.894059380106
aiare 1,hgb_max_iter=200_learning_rate=0.2_max_depth=4_min_samples_leaf=5,112.54543084455642,91.26590796226988,43.531795723188324
aiare 1,hgb_max_iter=400_learning_rate=0.2_max_depth=4_min_samples_leaf=5,112.78067680179905,91.60240785800657,41.016221024364825
aiare 1,hgb_max_iter=400_learning_rate=0.1_max_depth=6_min_samples_leaf=5,112.85967371521363,92.03751700331297,54.99430149237255
aiare 1,hgb_max_iter=100_learning_rate=0.2_max_depth=4_min_samples_leaf=5,112.98303238228732,90.92167484718985,77.20859005493392
aiare 1,hgb_max_iter=200_learning_rate=0.2_max_depth=6_min_samples_leaf=5,113.19446853577509,90.2481186698923,36.308231300539404
aiare 1,hgb_max_iter=400_learning_rate=0.2_max_depth=6_min_samples_leaf=5,113.41272815370803,90.58165047137479,33.94476067257826
aiare 1,random_forest_n_estimators=200_max_depth=None_min_samples_leaf=1,113.71743599824345,99.06619047619049,166.08660597855422
aiare 1,random_forest_n_estimators=200_max_depth=10_min_samples_leaf=1,113.71743599824345,99.06619047619049,166.08660597855422
aiare 1,random_forest_n_estimators=200_max_depth=20_min_samples_leaf=1,113.71743599824345,99.06619047619049,166.08660597855422
aiare 1,hgb_max_iter=100_learning_rate=0.2_max_depth=6_min_samples_leaf=5,113.84872045890974,90.17669843601314,70.64087466051053
aiare 1,hgb_max_iter=400_learning_rate=0.05_max_depth=4_min_samples_leaf=5,114.36783696468538,93.29515623221633,106.88045613058715
aiare 1,hgb_max_iter=200_learning_rate=0.1_max_depth=6_min_samples_leaf=5,114.95818322494122,93.34192934554814,98.49333380743572
aiare 1,random_forest_n_estimators=300_max_depth=5_min_samples_leaf=1,115.10091514448459,99.36519156416774,169.22338443116107
aiare 1,hgb_max_iter=400_learning_rate=0.01_max_depth=3_min_samples_leaf=5,115.90963109149193,87.88553858292182,180.19333427699823
aiare 1,gbr_n_estimators=300_learning_rate=0.01_max_depth=4_subsample=0.8,116.69649657479837,107.67745686313097,249.8692468994571
aiare 1,random_forest_n_estimators=300_max_depth=None_min_samples_leaf=1,116.70552999902559,100.26507936507937,172.85307198563785
aiare 1,random_forest_n_estimators=300_max_depth=10_min_samples_leaf=1,116.70552999902559,100.26507936507937,172.85307198563785
aiare 1,random_forest_n_estimators=300_max_depth=20_min_samples_leaf=1,116.70552999902559,100.26507936507937,172.85307198563785
aiare 1,hgb_max_iter=400_learning_rate=0.05_max_depth=6_min_samples_leaf=5,116.73958508819719,95.40361532631489,108.52174533732762
aiare 1,bagging_n_estimators=50_max_samples=1.0_max_features=0.9,117.01726033840283,102.82857142857145,129.2260949378497
aiare 1,hgb_max_iter=400_learning_rate=0.01_max_depth=6_min_samples_leaf=5,117.26973385630829,89.23846894540888,181.00529690662515
aiare 1,hgb_max_iter=400_learning_rate=0.01_max_depth=4_min_samples_leaf=5,117.35211154922646,89.47560458564196,181.5886238755369
aiare 1,bagging_n_estimators=50_max_samples=0.9_max_features=1.0,117.71062472315126,97.67999999999999,121.39237435386947
aiare 1,bagging_n_estimators=25_max_samples=0.9_max_features=1.0,118.43614108889388,97.82095238095238,146.32735733243013
aiare 1,gbr_n_estimators=200_learning_rate=0.2_max_depth=5_subsample=0.8,119.01954751634744,105.61909027804134,72.34667370618266
aiare 1,gbr_n_estimators=300_learning_rate=0.2_max_depth=5_subsample=0.8,119.01954751847954,105.61909027932964,72.34667370489373
aiare 1,gbr_n_estimators=100_learning_rate=0.2_max_depth=5_subsample=0.8,119.01959236124556,105.61910127727297,72.34703253248772
aiare 1,huber_epsilon=2.0_alpha=0.01,119.6597728243001,109.73877960935252,444.45736354951566
aiare 1,bagging_n_estimators=25_max_samples=1.0_max_features=0.9,124.21438004112032,109.23428571428569,192.3973032643684
aiare 1,huber_epsilon=1.5_alpha=0.01,125.4668741623412,113.55593544809759,441.8005289059552
aiare 1,bagging_n_estimators=50_max_samples=0.9_max_features=0.9,127.50321215261218,109.95238095238095,154.19508583619543
aiare 1,bagging_n_estimators=50_max_samples=1.0_max_features=1.0,130.89958163617658,114.39142857142859,114.07404025087142
aiare 1,gbr_n_estimators=300_learning_rate=0.01_max_depth=3_subsample=1.0,131.59960858404799,110.62052827932366,196.5967791294245
aiare 1,gbr_n_estimators=300_learning_rate=0.05_max_depth=4_subsample=1.0,133.05121562977442,106.79010887483285,12.918197564879128
aiare 1,gbr_n_estimators=200_learning_rate=0.05_max_depth=4_subsample=1.0,133.0535771069398,106.7941072561633,12.903887766217055
aiare 1,gbr_n_estimators=100_learning_rate=0.05_max_depth=4_subsample=1.0,134.96764533645685,108.92620908544195,28.294046730056884
aiare 1,bagging_n_estimators=25_max_samples=1.0_max_features=1.0,137.8472824377831,106.99619047619049,155.16274940185596
aiare 1,gbr_n_estimators=100_learning_rate=0.2_max_depth=4_subsample=1.0,139.05509417739174,110.72124957726462,12.68198056812345
aiare 1,gbr_n_estimators=200_learning_rate=0.2_max_depth=4_subsample=1.0,139.0550943466911,110.72125059117164,12.681981039604258
aiare 1,gbr_n_estimators=300_learning_rate=0.2_max_depth=4_subsample=1.0,139.0550943466911,110.72125059117164,12.681981039604276
aiare 1,gbr_n_estimators=200_learning_rate=0.05_max_depth=6_subsample=1.0,141.05321946479464,113.02873855459393,15.097055256214523
aiare 1,gbr_n_estimators=300_learning_rate=0.05_max_depth=6_subsample=1.0,141.0553730212964,113.03600899686317,15.126148375684542
aiare 1,gbr_n_estimators=100_learning_rate=0.05_max_depth=6_subsample=1.0,142.2511859475164,114.49173804888639,29.58015540625516
aiare 1,gbr_n_estimators=100_learning_rate=0.2_max_depth=6_subsample=0.8,142.4563484955964,118.10791154587785,78.17686615324978
aiare 1,gbr_n_estimators=300_learning_rate=0.2_max_depth=6_subsample=0.8,142.4563658535267,118.10792273183043,78.17720717672678
aiare 1,gbr_n_estimators=200_learning_rate=0.2_max_depth=6_subsample=0.8,142.45636585364213,118.10792273187771,78.17720717766592
aiare 1,bagging_n_estimators=10_max_samples=1.0_max_features=0.7,143.03765300412348,124.63333333333334,287.08368078026433
aiare 1,bagging_n_estimators=25_max_samples=0.7_max_features=1.0,143.80256516612505,118.41523809523811,171.92935605108264
aiare 1,bagging_n_estimators=10_max_samples=1.0_max_features=1.0,143.88894133887624,114.36666666666667,75.8387976823863
aiare 1,bagging_n_estimators=50_max_samples=1.0_max_features=0.7,144.75016939007966,126.6552380952381,257.14020951659813
aiare 1,huber_epsilon=1.35_alpha=0.01,144.84845838800047,134.72791547552166,570.2681467016386
aiare 1,gbr_n_estimators=300_learning_rate=0.2_max_depth=5_subsample=1.0,145.65001245260265,116.08819127955134,17.794496473011254
aiare 1,gbr_n_estimators=200_learning_rate=0.2_max_depth=5_subsample=1.0,145.65001245260265,116.08819127955134,17.794496473011257
aiare 1,gbr_n_estimators=100_learning_rate=0.2_max_depth=5_subsample=1.0,145.65001245668526,116.0881912801646,17.79449603775023
aiare 1,random_forest_n_estimators=200_max_depth=20_min_samples_leaf=3,146.59722517008714,123.97106370745658,143.4115559656221
aiare 1,random_forest_n_estimators=200_max_depth=10_min_samples_leaf=3,146.59722517008717,123.97106370745664,143.4115559656221
aiare 1,random_forest_n_estimators=200_max_depth=None_min_samples_leaf=3,146.59722517008728,123.9710637074567,143.4115559656221
aiare 1,bagging_n_estimators=50_max_samples=0.9_max_features=0.7,146.84037577873625,123.31428571428573,321.0261295034485
aiare 1,bagging_n_estimators=10_max_samples=1.0_max_features=0.9,147.4365731639704,125.8,199.66038981001202
aiare 1,random_forest_n_estimators=200_max_depth=5_min_samples_leaf=3,147.56801162451254,124.91362020783451,143.4430248641457
aiare 1,gbr_n_estimators=300_learning_rate=0.1_max_depth=4_subsample=1.0,147.6801870620727,117.41552964639891,16.767564054499964
aiare 1,gbr_n_estimators=200_learning_rate=0.1_max_depth=4_subsample=1.0,147.68018709362815,117.41552491460831,16.767554861130897
aiare 1,gbr_n_estimators=100_learning_rate=0.1_max_depth=4_subsample=1.0,147.68522843826662,117.41335713477646,16.749687450648718
aiare 1,elasticnet_alpha=0.05_l1_ratio=0.5,147.7455793245149,134.328090335131,429.42425878747963
aiare 1,bagging_n_estimators=25_max_samples=1.0_max_features=0.7,147.86867595009082,127.72,328.53329056646714
aiare 1,extra_trees_n_estimators=200_max_depth=5_min_samples_leaf=3,148.32349301204198,132.54252643190128,82.40204330568989
aiare 1,extra_trees_n_estimators=300_max_depth=5_min_samples_leaf=3,149.7670833991916,133.264884681896,80.60057396318449
aiare 1,bagging_n_estimators=50_max_samples=0.7_max_features=1.0,150.04478519184087,135.5352380952381,211.3457441251144
aiare 1,bagging_n_estimators=50_max_samples=0.7_max_features=0.9,150.58526546648372,131.17714285714288,218.4861408934473
aiare 1,random_forest_n_estimators=100_max_depth=20_min_samples_leaf=3,151.38489765557557,125.2852888949676,104.7833718508488
aiare 1,random_forest_n_estimators=100_max_depth=None_min_samples_leaf=3,151.38489765557557,125.2852888949676,104.78337185084884
aiare 1,random_forest_n_estimators=100_max_depth=10_min_samples_leaf=3,151.38489765557557,125.2852888949676,104.78337185084884
aiare 1,random_forest_n_estimators=100_max_depth=5_min_samples_leaf=3,151.98609239873517,126.00896803328962,104.80709597386796
aiare 1,random_forest_n_estimators=300_max_depth=20_min_samples_leaf=3,152.43502838528588,127.91697440258169,152.318125582617
aiare 1,random_forest_n_estimators=300_max_depth=10_min_samples_leaf=3,152.43502838528593,127.91697440258177,152.318125582617
aiare 1,random_forest_n_estimators=300_max_depth=None_min_samples_leaf=3,152.43502838528593,127.91697440258177,152.31812558261703
aiare 1,extra_trees_n_estimators=300_max_depth=20_min_samples_leaf=3,152.79646747462883,135.4655396825391,81.2740329636591
aiare 1,extra_trees_n_estimators=300_max_depth=None_min_samples_leaf=3,152.79646747462886,135.46553968253914,81.2740329636591
aiare 1,extra_trees_n_estimators=300_max_depth=10_min_samples_leaf=3,152.79646747462888,135.46553968253914,81.2740329636591
aiare 1,random_forest_n_estimators=300_max_depth=5_min_samples_leaf=3,152.94548602164463,128.45656233405063,152.3344098155769
aiare 1,bagging_n_estimators=25_max_samples=0.9_max_features=0.9,153.15706514927297,130.36000000000004,205.9295412567702
aiare 1,extra_trees_n_estimators=200_max_depth=10_min_samples_leaf=3,153.70536547543188,137.04885317460278,83.41152519907585
aiare 1,extra_trees_n_estimators=200_max_depth=None_min_samples_leaf=3,153.70536547543188,137.0488531746028,83.41152519907584
aiare 1,extra_trees_n_estimators=200_max_depth=20_min_samples_leaf=3,153.70536547543188,137.04885317460284,83.41152519907585
aiare 1,gbr_n_estimators=200_learning_rate=0.05_max_depth=5_subsample=1.0,154.02404077033663,124.65347979441079,18.22420459362272
aiare 1,gbr_n_estimators=300_learning_rate=0.05_max_depth=5_subsample=1.0,154.02543395165688,124.6586052170658,18.276522140436622
aiare 1,gbr_n_estimators=300_learning_rate=0.01_max_depth=4_subsample=1.0,154.4471156141391,129.70884866179296,187.07475464491077
aiare 1,gbr_n_estimators=100_learning_rate=0.05_max_depth=5_subsample=1.0,155.61058372195154,125.8654841292596,31.820197100167082
aiare 1,extra_trees_n_estimators=100_max_depth=5_min_samples_leaf=3,157.8717265752171,141.33487685198418,92.07487890657242
aiare 1,gbr_n_estimators=300_learning_rate=0.1_max_depth=6_subsample=1.0,159.8158792889415,127.99916732285536,15.663598046316013
aiare 1,gbr_n_estimators=200_learning_rate=0.1_max_depth=6_subsample=1.0,159.81587937074647,127.9991674191008,15.663598119537317
aiare 1,gbr_n_estimators=100_learning_rate=0.1_max_depth=6_subsample=1.0,159.81792822265203,128.0020155513967,15.659483675970506
aiare 1,gbr_n_estimators=100_learning_rate=0.1_max_depth=5_subsample=1.0,161.3103247479332,126.6569933743822,19.45809519405333
aiare 1,gbr_n_estimators=300_learning_rate=0.1_max_depth=5_subsample=1.0,161.3111355695791,126.66236192083308,19.503719725502407
aiare 1,gbr_n_estimators=200_learning_rate=0.1_max_depth=5_subsample=1.0,161.31113560219373,126.66236163333501,19.503717073770616
aiare 1,elasticnet_alpha=0.1_l1_ratio=0.7,161.5489769698409,147.22605185386055,493.93033695096494
aiare 1,extra_trees_n_estimators=100_max_depth=None_min_samples_leaf=3,162.1313796693142,144.37069047619062,92.62842381250006
aiare 1,extra_trees_n_estimators=100_max_depth=20_min_samples_leaf=3,162.13137966931427,144.37069047619067,92.62842381250007
aiare 1,extra_trees_n_estimators=100_max_depth=10_min_samples_leaf=3,162.13137966931433,144.3706904761907,92.62842381250006
aiare 1,gbr_n_estimators=100_learning_rate=0.2_max_depth=6_subsample=1.0,163.17422822795598,122.2152126189794,15.15282222927989
aiare 1,gbr_n_estimators=200_learning_rate=0.2_max_depth=6_subsample=1.0,163.17422823227668,122.21521264498634,15.152822624728994
aiare 1,gbr_n_estimators=300_learning_rate=0.2_max_depth=6_subsample=1.0,163.17422823227668,122.21521264498634,15.152822624728994
aiare 1,bagging_n_estimators=10_max_samples=0.9_max_features=1.0,165.13485687104102,127.97142857142856,77.11939259364154
aiare 1,bagging_n_estimators=10_max_samples=0.9_max_features=0.9,167.57086879291472,134.90952380952382,198.40988842594817
aiare 1,bagging_n_estimators=10_max_samples=0.9_max_features=0.7,167.77494072152754,137.65238095238095,330.74601209440874
aiare 1,ridge_alpha=1.0,170.4929936146413,155.63545376185863,580.9257977713125
aiare 1,bagging_n_estimators=50_max_samples=0.7_max_features=0.7,171.0391655102695,137.54761904761907,381.46261105402255
aiare 1,gbr_n_estimators=300_learning_rate=0.01_max_depth=5_subsample=1.0,172.251909680853,144.7618612835921,184.8435370026177
aiare 1,gbr_n_estimators=300_learning_rate=0.01_max_depth=6_subsample=1.0,174.47668969996204,145.43487912033677,183.01782935124552
aiare 1,elasticnet_alpha=0.05_l1_ratio=0.3,174.8656322878894,159.3756389630377,544.4294949019472
aiare 1,bagging_n_estimators=25_max_samples=0.7_max_features=0.9,175.10472542389195,155.04571428571427,276.0392129688617
aiare 1,bagging_n_estimators=25_max_samples=0.9_max_features=0.7,179.54973279301382,154.28571428571428,425.6782690907977
aiare 1,bagging_n_estimators=10_max_samples=0.7_max_features=0.7,182.79433975560625,161.23809523809524,364.8309149800604
aiare 1,bagging_n_estimators=25_max_samples=0.7_max_features=0.7,193.98362942285718,169.6266666666667,461.4115271833395
aiare 1,elasticnet_alpha=0.05_l1_ratio=0.1,195.6477864052342,178.18796745296316,630.563181007112
aiare 1,elasticnet_alpha=0.5_l1_ratio=0.9,197.05541593771167,178.29975034146076,646.6330182622488
aiare 1,bagging_n_estimators=10_max_samples=0.7_max_features=0.9,198.78870789223257,162.1,281.3360002876831
aiare 1,elasticnet_alpha=0.1_l1_ratio=0.5,203.55429850798257,185.10462439694993,664.6326102543268
aiare 1,bagging_n_estimators=10_max_samples=0.7_max_features=1.0,206.72346208634448,163.70000000000002,59.80908136546104
aiare 1,gbr_n_estimators=200_learning_rate=0.01_max_depth=6_subsample=0.8,206.77685754557294,185.89671238788742,564.6798657209132
aiare 1,gbr_n_estimators=200_learning_rate=0.01_max_depth=3_subsample=0.8,206.85047169541667,181.38460280432795,570.5353002190265
aiare 1,gbr_n_estimators=200_learning_rate=0.01_max_depth=5_subsample=0.8,207.3033451060322,187.05858500204658,558.8051386989047
aiare 1,huber_epsilon=1.1_alpha=0.01,207.350309185749,194.52646457955942,804.50500438163
aiare 1,gbr_n_estimators=200_learning_rate=0.01_max_depth=4_subsample=0.8,212.79992977118127,188.05067736950156,556.8997161605214
aiare 1,hgb_max_iter=200_learning_rate=0.01_max_depth=3_min_samples_leaf=5,219.16776916251092,196.34863243864342,534.6875752180765
aiare 1,hgb_max_iter=200_learning_rate=0.01_max_depth=6_min_samples_leaf=5,219.2698390767579,196.15651525206113,535.3671982724999
aiare 1,hgb_max_iter=200_learning_rate=0.01_max_depth=4_min_samples_leaf=5,219.2812828281229,196.1679843322639,535.3748653166911
aiare 1,gbr_n_estimators=200_learning_rate=0.01_max_depth=3_subsample=1.0,226.66803039545286,204.76390095117338,507.55883199522265
aiare 1,elasticnet_alpha=0.1_l1_ratio=0.3,230.97538258635905,208.552647551093,771.2033362203192
aiare 1,gbr_n_estimators=200_learning_rate=0.01_max_depth=4_subsample=1.0,237.57912331704674,216.79909110725393,497.6387833105983
aiare 1,elasticnet_alpha=0.1_l1_ratio=0.1,250.34073347451866,224.14576046246992,842.064132364737
aiare 1,gbr_n_estimators=200_learning_rate=0.01_max_depth=5_subsample=1.0,252.27531174138616,232.2264605973829,495.2574733704067
aiare 1,gbr_n_estimators=200_learning_rate=0.01_max_depth=6_subsample=1.0,252.4053674606396,232.24559234541857,493.3636110323949
aiare 1,elasticnet_alpha=0.5_l1_ratio=0.7,284.47566982831603,253.94144156557869,940.2192543057874
aiare 1,hgb_max_iter=100_learning_rate=0.2_max_depth=3_min_samples_leaf=10,295.10423970600795,246.9917936446916,781.5176592449426
aiare 1,hgb_max_iter=100_learning_rate=0.2_max_depth=4_min_samples_leaf=10,295.10423970600795,246.9917936446916,781.5176592449426
aiare 1,hgb_max_iter=100_learning_rate=0.2_max_depth=6_min_samples_leaf=10,295.10423970600795,246.9917936446916,781.5176592449426
aiare 1,random_forest_n_estimators=100_max_depth=10_min_samples_leaf=5,300.9332539619501,256.5046884131214,287.1905073511813
aiare 1,random_forest_n_estimators=100_max_depth=None_min_samples_leaf=5,300.93325396195013,256.5046884131214,287.19050735118134
aiare 1,random_forest_n_estimators=100_max_depth=5_min_samples_leaf=5,300.93325396195013,256.50468841312147,287.19050735118134
aiare 1,random_forest_n_estimators=100_max_depth=20_min_samples_leaf=5,300.93325396195024,256.5046884131214,287.19050735118134
aiare 1,hgb_max_iter=400_learning_rate=0.05_max_depth=3_min_samples_leaf=10,311.96417965722014,271.4085154285088,776.6277271064962
aiare 1,hgb_max_iter=400_learning_rate=0.05_max_depth=4_min_samples_leaf=10,311.96417965722014,271.4085154285088,776.6277271064962
aiare 1,hgb_max_iter=400_learning_rate=0.05_max_depth=6_min_samples_leaf=10,311.96417965722014,271.4085154285088,776.6277271064962
aiare 1,random_forest_n_estimators=200_max_depth=None_min_samples_leaf=5,312.88892719793546,272.44915186295856,348.13140724099947
aiare 1,random_forest_n_estimators=200_max_depth=20_min_samples_leaf=5,312.88892719793546,272.44915186295856,348.1314072409996
aiare 1,random_forest_n_estimators=200_max_depth=10_min_samples_leaf=5,312.88892719793546,272.4491518629587,348.13140724099947
aiare 1,random_forest_n_estimators=200_max_depth=5_min_samples_leaf=5,312.8889271979355,272.4491518629587,348.1314072409995
aiare 1,hgb_max_iter=100_learning_rate=0.05_max_depth=3_min_samples_leaf=10,313.0457241745784,274.2955850262466,515.9432599225461
aiare 1,hgb_max_iter=100_learning_rate=0.05_max_depth=4_min_samples_leaf=10,313.0457241745784,274.2955850262466,515.9432599225461
aiare 1,hgb_max_iter=100_learning_rate=0.05_max_depth=6_min_samples_leaf=10,313.0457241745784,274.2955850262466,515.9432599225461
aiare 1,hgb_max_iter=200_learning_rate=0.05_max_depth=3_min_samples_leaf=10,313.1277561253573,268.7734183620206,608.6276219687949
aiare 1,hgb_max_iter=200_learning_rate=0.05_max_depth=4_min_samples_leaf=10,313.1277561253573,268.7734183620206,608.6276219687949
aiare 1,hgb_max_iter=200_learning_rate=0.05_max_depth=6_min_samples_leaf=10,313.1277561253573,268.7734183620206,608.6276219687949
aiare 1,hgb_max_iter=400_learning_rate=0.01_max_depth=3_min_samples_leaf=10,313.96500325312155,272.8308835727708,499.8668969496066
aiare 1,hgb_max_iter=400_learning_rate=0.01_max_depth=4_min_samples_leaf=10,313.96500325312155,272.8308835727708,499.8668969496066
aiare 1,hgb_max_iter=400_learning_rate=0.01_max_depth=6_min_samples_leaf=10,313.96500325312155,272.8308835727708,499.8668969496066
aiare 1,random_forest_n_estimators=300_max_depth=10_min_samples_leaf=5,315.51088111059227,270.3057038786098,334.69998853747387
aiare 1,random_forest_n_estimators=300_max_depth=None_min_samples_leaf=5,315.51088111059227,270.3057038786098,334.699988537474
aiare 1,random_forest_n_estimators=300_max_depth=5_min_samples_leaf=5,315.5108811105923,270.3057038786098,334.699988537474
aiare 1,random_forest_n_estimators=300_max_depth=20_min_samples_leaf=5,315.5108811105923,270.3057038786098,334.699988537474
aiare 1,hgb_max_iter=100_learning_rate=0.1_max_depth=3_min_samples_leaf=10,317.81207635138793,270.2015571191492,601.4221675323745
aiare 1,hgb_max_iter=100_learning_rate=0.1_max_depth=4_min_samples_leaf=10,317.81207635138793,270.2015571191492,601.4221675323745
aiare 1,hgb_max_iter=100_learning_rate=0.1_max_depth=6_min_samples_leaf=10,317.81207635138793,270.2015571191492,601.4221675323745
aiare 1,hgb_max_iter=200_learning_rate=0.1_max_depth=3_min_samples_leaf=10,321.6125000018083,278.0100791470033,778.3069614430736
aiare 1,hgb_max_iter=200_learning_rate=0.1_max_depth=4_min_samples_leaf=10,321.6125000018083,278.0100791470033,778.3069614430736
aiare 1,hgb_max_iter=200_learning_rate=0.1_max_depth=6_min_samples_leaf=10,321.6125000018083,278.0100791470033,778.3069614430736
aiare 1,elasticnet_alpha=0.5_l1_ratio=0.5,322.39500926718557,292.1128066865802,1023.0965210366096
aiare 1,extra_trees_n_estimators=100_max_depth=None_min_samples_leaf=5,329.1381265415235,293.69023773448777,357.6164659193747
aiare 1,extra_trees_n_estimators=100_max_depth=5_min_samples_leaf=5,329.13812654152355,293.69023773448777,357.6164659193747
aiare 1,extra_trees_n_estimators=100_max_depth=10_min_samples_leaf=5,329.13812654152355,293.69023773448777,357.6164659193747
aiare 1,extra_trees_n_estimators=100_max_depth=20_min_samples_leaf=5,329.13812654152355,293.69023773448777,357.6164659193747
aiare 1,extra_trees_n_estimators=300_max_depth=20_min_samples_leaf=5,329.1741061319952,292.48588731991106,316.345617754925
aiare 1,extra_trees_n_estimators=300_max_depth=None_min_samples_leaf=5,329.17410613199525,292.4858873199111,316.345617754925
aiare 1,extra_trees_n_estimators=300_max_depth=5_min_samples_leaf=5,329.17410613199525,292.48588731991117,316.345617754925
aiare 1,extra_trees_n_estimators=300_max_depth=10_min_samples_leaf=5,329.17410613199525,292.48588731991117,316.345617754925
aiare 1,extra_trees_n_estimators=200_max_depth=None_min_samples_leaf=5,332.7485530092073,296.26208560949675,331.3374534819532
aiare 1,extra_trees_n_estimators=200_max_depth=10_min_samples_leaf=5,332.7485530092073,296.26208560949675,331.3374534819532
aiare 1,extra_trees_n_estimators=200_max_depth=20_min_samples_leaf=5,332.74855300920734,296.26208560949675,331.3374534819532
aiare 1,extra_trees_n_estimators=200_max_depth=5_min_samples_leaf=5,332.74855300920734,296.2620856094968,331.3374534819532
aiare 1,hgb_max_iter=200_learning_rate=0.2_max_depth=3_min_samples_leaf=10,334.0378967253613,285.82350141205444,934.19879380834
aiare 1,hgb_max_iter=200_learning_rate=0.2_max_depth=4_min_samples_leaf=10,334.0378967253613,285.82350141205444,934.19879380834
aiare 1,hgb_max_iter=200_learning_rate=0.2_max_depth=6_min_samples_leaf=10,334.0378967253613,285.82350141205444,934.19879380834
aiare 1,ridge_alpha=10.0,335.639793403544,305.37104789489655,1077.3933804935775
aiare 1,hgb_max_iter=200_learning_rate=0.01_max_depth=3_min_samples_leaf=10,340.9938037212506,292.643950948649,767.1090357291475
aiare 1,hgb_max_iter=200_learning_rate=0.01_max_depth=4_min_samples_leaf=10,340.9938037212506,292.643950948649,767.1090357291475
aiare 1,hgb_max_iter=200_learning_rate=0.01_max_depth=6_min_samples_leaf=10,340.9938037212506,292.643950948649,767.1090357291475
aiare 1,hgb_max_iter=400_learning_rate=0.1_max_depth=3_min_samples_leaf=10,344.4937003805873,284.4055960810273,976.3531358298231
aiare 1,hgb_max_iter=400_learning_rate=0.1_max_depth=4_min_samples_leaf=10,344.4937003805873,284.4055960810273,976.3531358298231
aiare 1,hgb_max_iter=400_learning_rate=0.1_max_depth=6_min_samples_leaf=10,344.4937003805873,284.4055960810273,976.3531358298231
aiare 1,elasticnet_alpha=0.5_l1_ratio=0.3,347.7982409369944,318.7455654449621,1068.270018895772
aiare 1,hgb_max_iter=400_learning_rate=0.2_max_depth=3_min_samples_leaf=10,355.9846616607337,305.69258286662824,876.2330534591493
aiare 1,hgb_max_iter=400_learning_rate=0.2_max_depth=4_min_samples_leaf=10,355.9846616607337,305.69258286662824,876.2330534591493
aiare 1,hgb_max_iter=400_learning_rate=0.2_max_depth=6_min_samples_leaf=10,355.9846616607337,305.69258286662824,876.2330534591493
aiare 1,elasticnet_alpha=0.5_l1_ratio=0.1,367.10493972462353,341.3254658802377,1093.632576369003
aiare 1,ridge_alpha=50.0,480.38240371560744,459.38792323796145,1249.5963488293066
aiare 1,gbr_n_estimators=100_learning_rate=0.01_max_depth=6_subsample=0.8,489.045933461056,447.58310092051516,1389.4256719079044
aiare 1,gbr_n_estimators=100_learning_rate=0.01_max_depth=5_subsample=0.8,489.113358509379,445.74498211493074,1389.4057930617744
aiare 1,gbr_n_estimators=100_learning_rate=0.01_max_depth=4_subsample=0.8,495.3941668983494,450.0083212258937,1381.9704451307523
aiare 1,gbr_n_estimators=100_learning_rate=0.01_max_depth=3_subsample=0.8,502.4990622968749,457.2311624970992,1411.3371513559307
aiare 1,gbr_n_estimators=100_learning_rate=0.01_max_depth=4_subsample=1.0,508.7151066757222,471.16647870021126,1346.4228756775926
aiare 1,gbr_n_estimators=100_learning_rate=0.01_max_depth=3_subsample=1.0,509.05202772567463,467.9911069954137,1363.1177189389641
aiare 1,gbr_n_estimators=100_learning_rate=0.01_max_depth=6_subsample=1.0,510.16619056791706,476.18746466130835,1343.084256884683
aiare 1,gbr_n_estimators=100_learning_rate=0.01_max_depth=5_subsample=1.0,510.9205880049177,478.87604859086787,1343.0862162164972
aiare 1,hgb_max_iter=100_learning_rate=0.01_max_depth=4_min_samples_leaf=5,515.2308950917122,474.15684134683596,1371.653178220562
aiare 1,hgb_max_iter=100_learning_rate=0.01_max_depth=6_min_samples_leaf=5,515.2309185592891,474.1568569151519,1371.6531886004625
aiare 1,hgb_max_iter=100_learning_rate=0.01_max_depth=3_min_samples_leaf=5,515.2418223729517,474.1743523672913,1371.9832483169812
aiare 1,hgb_max_iter=100_learning_rate=0.01_max_depth=3_min_samples_leaf=10,563.7373929110034,456.4888797697014,1534.3516995819905
aiare 1,hgb_max_iter=100_learning_rate=0.01_max_depth=4_min_samples_leaf=10,563.7373929110034,456.4888797697014,1534.3516995819905
aiare 1,hgb_max_iter=100_learning_rate=0.01_max_depth=6_min_samples_leaf=10,563.7373929110034,456.4888797697014,1534.3516995819905
aiare 1,ridge_alpha=100.0,596.727586044515,559.7603507199623,1574.48185027316
aiare 1,svr_C=50.0_epsilon=0.01_gamma=auto,1213.9785684451265,1070.7704542533932,1298.8812479539488
aiare 1,svr_C=50.0_epsilon=0.1_gamma=auto,1213.989757541871,1070.78762162375,1299.0019516048967
aiare 1,svr_C=50.0_epsilon=0.5_gamma=auto,1214.0395135548665,1070.8639210475592,1299.5384122757766
aiare 1,svr_C=50.0_epsilon=1.0_gamma=auto,1214.1017698748667,1070.9592953273204,1300.2089881143759
aiare 1,svr_C=50.0_epsilon=0.01_gamma=scale,1220.4989506786828,1076.47218861761,1318.0883414975888
aiare 1,svr_C=50.0_epsilon=0.1_gamma=scale,1220.5098955800745,1076.4893174828314,1318.2091649418198
aiare 1,svr_C=50.0_epsilon=0.5_gamma=scale,1220.5585658767156,1076.5654457727044,1318.7461580272902
aiare 1,svr_C=50.0_epsilon=1.0_gamma=scale,1220.6194641241448,1076.6606061350449,1319.4173993841282
aiare 1,hgb_max_iter=100_learning_rate=0.01_max_depth=3_min_samples_leaf=20,1265.4530775029311,1171.823507945361,3644.8526073175244
aiare 1,hgb_max_iter=100_learning_rate=0.01_max_depth=4_min_samples_leaf=20,1265.4530775029311,1171.823507945361,3644.8526073175244
aiare 1,hgb_max_iter=100_learning_rate=0.01_max_depth=6_min_samples_leaf=20,1265.4530775029311,1171.823507945361,3644.8526073175244
aiare 1,hgb_max_iter=200_learning_rate=0.01_max_depth=3_min_samples_leaf=20,1276.7214038384143,1179.376005584729,3637.3447566495934
aiare 1,hgb_max_iter=200_learning_rate=0.01_max_depth=4_min_samples_leaf=20,1276.7214038384143,1179.376005584729,3637.3447566495934
aiare 1,hgb_max_iter=200_learning_rate=0.01_max_depth=6_min_samples_leaf=20,1276.7214038384143,1179.376005584729,3637.3447566495934
aiare 1,svr_C=10.0_epsilon=1.0_gamma=auto,1293.3342519924695,1136.2830987063167,1454.569503107657
aiare 1,svr_C=10.0_epsilon=0.5_gamma=auto,1293.384391806366,1136.3026397095684,1454.5469073183478
aiare 1,svr_C=10.0_epsilon=0.1_gamma=auto,1293.4263042003602,1136.3205287117864,1454.5289263102256
aiare 1,svr_C=10.0_epsilon=0.01_gamma=auto,1293.4359425522778,1136.3248144260722,1454.5248916320343
aiare 1,hgb_max_iter=400_learning_rate=0.01_max_depth=3_min_samples_leaf=20,1293.8996150460146,1197.7076412806332,3639.752378716342
aiare 1,hgb_max_iter=400_learning_rate=0.01_max_depth=4_min_samples_leaf=20,1293.8996150460146,1197.7076412806332,3639.752378716342
aiare 1,hgb_max_iter=400_learning_rate=0.01_max_depth=6_min_samples_leaf=20,1293.8996150460146,1197.7076412806332,3639.752378716342
aiare 1,svr_C=10.0_epsilon=1.0_gamma=scale,1294.5915022246813,1137.369861985309,1458.1830945066843
aiare 1,svr_C=10.0_epsilon=0.5_gamma=scale,1294.6420645539088,1137.389931295316,1458.1605209224476
aiare 1,svr_C=10.0_epsilon=0.1_gamma=scale,1294.6825192554884,1137.4059867433218,1458.1424620550586
aiare 1,svr_C=10.0_epsilon=0.01_gamma=scale,1294.691917306814,1137.4099713471278,1458.1384146000953
aiare 1,hgb_max_iter=100_learning_rate=0.05_max_depth=3_min_samples_leaf=20,1297.6392014860896,1201.742391569136,3640.5906399269647
aiare 1,hgb_max_iter=100_learning_rate=0.05_max_depth=4_min_samples_leaf=20,1297.6392014860896,1201.742391569136,3640.5906399269647
aiare 1,hgb_max_iter=100_learning_rate=0.05_max_depth=6_min_samples_leaf=20,1297.6392014860896,1201.742391569136,3640.5906399269647
aiare 1,svr_C=1.0_epsilon=0.01_gamma=auto,1308.9506164599036,1150.4731777849115,1495.1548838304
aiare 1,svr_C=1.0_epsilon=0.1_gamma=auto,1308.9506164599036,1150.4731777849115,1495.1548838304
aiare 1,svr_C=1.0_epsilon=0.5_gamma=auto,1308.9506164599036,1150.4731777849115,1495.1548838304
aiare 1,svr_C=1.0_epsilon=1.0_gamma=auto,1308.9506164599036,1150.4731777849115,1495.1548838304
aiare 1,svr_C=1.0_epsilon=0.01_gamma=scale,1309.0692426810183,1150.5780393388475,1495.5188190148544
aiare 1,svr_C=1.0_epsilon=0.1_gamma=scale,1309.0692426810183,1150.5780393388475,1495.5188190148544
aiare 1,svr_C=1.0_epsilon=0.5_gamma=scale,1309.0692426810183,1150.5780393388475,1495.5188190148544
aiare 1,svr_C=1.0_epsilon=1.0_gamma=scale,1309.0692426810183,1150.5780393388475,1495.5188190148544
aiare 1,svr_C=0.1_epsilon=0.01_gamma=auto,1310.3323620498406,1151.8044606356339,1499.2654310996263
aiare 1,svr_C=0.1_epsilon=0.1_gamma=auto,1310.3323620498406,1151.8044606356339,1499.2654310996263
aiare 1,svr_C=0.1_epsilon=0.5_gamma=auto,1310.3323620498406,1151.8044606356339,1499.2654310996263
aiare 1,svr_C=0.1_epsilon=1.0_gamma=auto,1310.3323620498406,1151.8044606356339,1499.2654310996263
aiare 1,svr_C=0.1_epsilon=0.01_gamma=scale,1310.3442255925058,1151.8149467910275,1499.3018246180716
aiare 1,svr_C=0.1_epsilon=0.1_gamma=scale,1310.3442255925058,1151.8149467910275,1499.3018246180716
aiare 1,svr_C=0.1_epsilon=0.5_gamma=scale,1310.3442255925058,1151.8149467910275,1499.3018246180716
aiare 1,svr_C=0.1_epsilon=1.0_gamma=scale,1310.3442255925058,1151.8149467910275,1499.3018246180716
aiare 1,hgb_max_iter=200_learning_rate=0.05_max_depth=3_min_samples_leaf=20,1322.9577433028473,1227.3477909061064,3644.787088304463
aiare 1,hgb_max_iter=200_learning_rate=0.05_max_depth=4_min_samples_leaf=20,1322.9577433028473,1227.3477909061064,3644.787088304463
aiare 1,hgb_max_iter=200_learning_rate=0.05_max_depth=6_min_samples_leaf=20,1322.9577433028473,1227.3477909061064,3644.787088304463
aiare 1,hgb_max_iter=100_learning_rate=0.1_max_depth=3_min_samples_leaf=20,1324.0188430814846,1227.1198985819926,3643.9000438434527
aiare 1,hgb_max_iter=100_learning_rate=0.1_max_depth=4_min_samples_leaf=20,1324.0188430814846,1227.1198985819926,3643.9000438434527
aiare 1,hgb_max_iter=100_learning_rate=0.1_max_depth=6_min_samples_leaf=20,1324.0188430814846,1227.1198985819926,3643.9000438434527
aiare 1,hgb_max_iter=400_learning_rate=0.2_max_depth=3_min_samples_leaf=20,1329.541222168057,1232.582468753619,3644.8918615315306
aiare 1,hgb_max_iter=400_learning_rate=0.2_max_depth=4_min_samples_leaf=20,1329.541222168057,1232.582468753619,3644.8918615315306
aiare 1,hgb_max_iter=400_learning_rate=0.2_max_depth=6_min_samples_leaf=20,1329.541222168057,1232.582468753619,3644.8918615315306
aiare 1,hgb_max_iter=400_learning_rate=0.1_max_depth=3_min_samples_leaf=20,1330.9634900390608,1233.3607520740727,3644.662642850501
aiare 1,hgb_max_iter=400_learning_rate=0.1_max_depth=4_min_samples_leaf=20,1330.9634900390608,1233.3607520740727,3644.662642850501
aiare 1,hgb_max_iter=400_learning_rate=0.1_max_depth=6_min_samples_leaf=20,1330.9634900390608,1233.3607520740727,3644.662642850501
aiare 1,hgb_max_iter=200_learning_rate=0.1_max_depth=3_min_samples_leaf=20,1332.0548479906845,1234.0278813604818,3644.537856495385
aiare 1,hgb_max_iter=200_learning_rate=0.1_max_depth=4_min_samples_leaf=20,1332.0548479906845,1234.0278813604818,3644.537856495385
aiare 1,hgb_max_iter=200_learning_rate=0.1_max_depth=6_min_samples_leaf=20,1332.0548479906845,1234.0278813604818,3644.537856495385
aiare 1,hgb_max_iter=400_learning_rate=0.05_max_depth=3_min_samples_leaf=20,1332.578520811348,1235.7683068749336,3645.630401780301
aiare 1,hgb_max_iter=400_learning_rate=0.05_max_depth=4_min_samples_leaf=20,1332.578520811348,1235.7683068749336,3645.630401780301
aiare 1,hgb_max_iter=400_learning_rate=0.05_max_depth=6_min_samples_leaf=20,1332.578520811348,1235.7683068749336,3645.630401780301
aiare 1,hgb_max_iter=200_learning_rate=0.2_max_depth=3_min_samples_leaf=20,1333.531929139682,1236.312461159086,3645.496852543371
aiare 1,hgb_max_iter=200_learning_rate=0.2_max_depth=4_min_samples_leaf=20,1333.531929139682,1236.312461159086,3645.496852543371
aiare 1,hgb_max_iter=200_learning_rate=0.2_max_depth=6_min_samples_leaf=20,1333.531929139682,1236.312461159086,3645.496852543371
aiare 1,hgb_max_iter=100_learning_rate=0.2_max_depth=3_min_samples_leaf=20,1335.6900157635305,1237.3930315571731,3645.063115358754
aiare 1,hgb_max_iter=100_learning_rate=0.2_max_depth=4_min_samples_leaf=20,1335.6900157635305,1237.3930315571731,3645.063115358754
aiare 1,hgb_max_iter=100_learning_rate=0.2_max_depth=6_min_samples_leaf=20,1335.6900157635305,1237.3930315571731,3645.063115358754
aiare 2,lasso_alpha=1.0,6.737376412989268,6.092460816764704,23.719251910766076
aiare 2,elasticnet_alpha=0.01_l1_ratio=0.9,6.993025595810727,6.391137834631164,42.76743900829866
aiare 2,lasso_alpha=0.5,7.286672892547678,6.3963234318466,26.257838499946043
aiare 2,ridge_alpha=0.01,7.916378635613941,6.876681743635662,59.38247219166232
aiare 2,lasso_alpha=0.1,8.466837246463461,7.589546416557376,39.234988072148255
aiare 2,huber_epsilon=1.35_alpha=0.001,8.796033319690507,8.115189569171227,56.3101949037193
aiare 2,lasso_alpha=0.05,8.915733017433743,8.043442000888867,46.238008636878895
aiare 2,huber_epsilon=1.35_alpha=0.0001,8.91825011030602,7.934946123097269,66.24310116539338
aiare 2,huber_epsilon=2.0_alpha=0.001,9.474317740683567,8.395117765387305,79.19886028757465
aiare 2,huber_epsilon=2.0_alpha=0.0001,9.599041141247081,8.6826462845624,80.93039911673041
aiare 2,huber_epsilon=1.35_alpha=0.01,9.646142124937784,9.239915091567402,47.98533452895409
aiare 2,lasso_alpha=0.01,10.187220518642965,8.91906497669122,54.37432444110164
aiare 2,huber_epsilon=2.0_alpha=0.01,10.19539228438714,8.8910568701787,79.5715315663597
aiare 2,huber_epsilon=1.5_alpha=0.001,10.25720209178093,9.371676029380806,79.95047699071104
aiare 2,huber_epsilon=1.1_alpha=0.01,10.484926125154127,9.783858911162353,50.74833190209929
aiare 2,huber_epsilon=1.5_alpha=0.0001,10.679429128528412,9.760692459776912,87.15312189285629
aiare 2,extra_trees_n_estimators=300_max_depth=None_min_samples_leaf=5,11.085192009338789,10.572767489711902,57.32502780730665
aiare 2,extra_trees_n_estimators=300_max_depth=10_min_samples_leaf=5,11.085192009338792,10.572767489711907,57.32502780730666
aiare 2,extra_trees_n_estimators=300_max_depth=20_min_samples_leaf=5,11.085192009338792,10.572767489711907,57.32502780730666
aiare 2,extra_trees_n_estimators=300_max_depth=5_min_samples_leaf=5,11.085192009338796,10.572767489711909,57.32502780730666
aiare 2,huber_epsilon=1.1_alpha=0.0001,11.1655866287671,10.4677156160013,56.97602108200588
aiare 2,huber_epsilon=1.1_alpha=0.001,11.48923652940473,10.807337600417204,59.091344854706
aiare 2,huber_epsilon=1.5_alpha=0.01,11.503943431950171,10.79170173839814,77.7581140150486
aiare 2,lasso_alpha=0.001,11.721950542330992,10.89930832124387,73.0188044835133
aiare 2,elasticnet_alpha=0.05_l1_ratio=0.9,12.165054727226655,11.546578269538989,47.90217172399745
aiare 2,extra_trees_n_estimators=200_max_depth=20_min_samples_leaf=5,12.238520118157721,11.637867283950612,58.21043378805148
aiare 2,extra_trees_n_estimators=200_max_depth=10_min_samples_leaf=5,12.238520118157723,11.637867283950612,58.21043378805148
aiare 2,extra_trees_n_estimators=200_max_depth=None_min_samples_leaf=5,12.238520118157728,11.637867283950612,58.210433788051496
aiare 2,extra_trees_n_estimators=200_max_depth=5_min_samples_leaf=5,12.238520118157735,11.637867283950621,58.210433788051496
aiare 2,elasticnet_alpha=0.01_l1_ratio=0.7,12.343565212796877,11.891425575348661,52.965151113161674
aiare 2,hgb_max_iter=100_learning_rate=0.05_max_depth=3_min_samples_leaf=5,12.617565459441451,9.192739653772675,35.566017489224365
aiare 2,hgb_max_iter=400_learning_rate=0.01_max_depth=3_min_samples_leaf=5,12.62857494833554,9.23602304466519,39.548682119460416
aiare 2,hgb_max_iter=400_learning_rate=0.01_max_depth=4_min_samples_leaf=5,12.66451098615643,9.357448903389512,40.0165581293137
aiare 2,hgb_max_iter=400_learning_rate=0.01_max_depth=6_min_samples_leaf=5,12.66451098615643,9.357448903389512,40.0165581293137
aiare 2,hgb_max_iter=100_learning_rate=0.05_max_depth=4_min_samples_leaf=5,12.705977526133148,9.295950175809844,36.04578987139816
aiare 2,hgb_max_iter=100_learning_rate=0.05_max_depth=6_min_samples_leaf=5,12.705977526133148,9.295950175809844,36.04578987139816
aiare 2,hgb_max_iter=200_learning_rate=0.05_max_depth=3_min_samples_leaf=5,13.015110975779479,11.072539059219983,32.007992413423175
aiare 2,hgb_max_iter=200_learning_rate=0.05_max_depth=6_min_samples_leaf=5,13.022681540152904,11.003530809690522,32.04780807365378
aiare 2,hgb_max_iter=200_learning_rate=0.05_max_depth=4_min_samples_leaf=5,13.049100859644042,11.023333589365413,32.05053817779462
aiare 2,hgb_max_iter=100_learning_rate=0.1_max_depth=3_min_samples_leaf=5,13.07675508165053,11.108495836266968,34.791588431034185
aiare 2,hgb_max_iter=100_learning_rate=0.1_max_depth=6_min_samples_leaf=5,13.131618452410168,11.087060477116973,33.446749122222975
aiare 2,extra_trees_n_estimators=100_max_depth=5_min_samples_leaf=5,13.15957671643355,12.548484126984093,62.472800797027396
aiare 2,extra_trees_n_estimators=100_max_depth=None_min_samples_leaf=5,13.159576716433554,12.548484126984093,62.47280079702741
aiare 2,extra_trees_n_estimators=100_max_depth=10_min_samples_leaf=5,13.159576716433554,12.548484126984095,62.472800797027396
aiare 2,extra_trees_n_estimators=100_max_depth=20_min_samples_leaf=5,13.159576716433557,12.548484126984098,62.47280079702741
aiare 2,hgb_max_iter=100_learning_rate=0.1_max_depth=4_min_samples_leaf=5,13.228829994876238,11.169730188122221,33.50983307161099
aiare 2,hgb_max_iter=200_learning_rate=0.01_max_depth=4_min_samples_leaf=5,13.560691288971475,12.332542466245634,112.54862337371033
aiare 2,hgb_max_iter=200_learning_rate=0.01_max_depth=6_min_samples_leaf=5,13.560691288971475,12.332542466245634,112.54862337371033
aiare 2,hgb_max_iter=200_learning_rate=0.01_max_depth=3_min_samples_leaf=5,13.612008387011421,12.362303875090527,112.68391346072069
aiare 2,extra_trees_n_estimators=300_max_depth=10_min_samples_leaf=3,13.668012791843717,12.660043209876536,59.786761272515015
aiare 2,extra_trees_n_estimators=300_max_depth=20_min_samples_leaf=3,13.668012791843717,12.660043209876536,59.786761272515015
aiare 2,extra_trees_n_estimators=300_max_depth=None_min_samples_leaf=3,13.668012791843722,12.66004320987654,59.786761272515015
aiare 2,extra_trees_n_estimators=300_max_depth=5_min_samples_leaf=3,13.715086672177918,12.72561728395061,59.82675327068603
aiare 2,extra_trees_n_estimators=200_max_depth=None_min_samples_leaf=3,14.029197174866383,13.353657407407423,61.41843818791364
aiare 2,extra_trees_n_estimators=200_max_depth=20_min_samples_leaf=3,14.02919717486639,13.35365740740743,61.418438187913644
aiare 2,extra_trees_n_estimators=200_max_depth=10_min_samples_leaf=3,14.029197174866397,13.353657407407434,61.41843818791364
aiare 2,extra_trees_n_estimators=200_max_depth=5_min_samples_leaf=3,14.037208475261664,13.360777777777793,61.42259872077412
aiare 2,hgb_max_iter=100_learning_rate=0.2_max_depth=3_min_samples_leaf=5,14.177556777599756,12.741127251877602,34.471145928222036
aiare 2,hgb_max_iter=400_learning_rate=0.05_max_depth=3_min_samples_leaf=5,14.370945306862223,12.89120108458034,33.75251491892843
aiare 2,hgb_max_iter=200_learning_rate=0.2_max_depth=3_min_samples_leaf=5,14.394929062480623,13.116926347759426,35.210367301010926
aiare 2,hgb_max_iter=400_learning_rate=0.2_max_depth=3_min_samples_leaf=5,14.425683476021186,13.14385436232586,35.339525993601505
aiare 2,hgb_max_iter=200_learning_rate=0.1_max_depth=3_min_samples_leaf=5,14.430670344146707,13.067251118976271,37.158468284449505
aiare 2,extra_trees_n_estimators=300_max_depth=5_min_samples_leaf=1,14.44788547529342,11.831903439153415,52.6368259209292
aiare 2,hgb_max_iter=400_learning_rate=0.05_max_depth=4_min_samples_leaf=5,14.465669266601111,12.948496152948314,36.979173628000545
aiare 2,hgb_max_iter=200_learning_rate=0.1_max_depth=4_min_samples_leaf=5,14.469778883193213,12.97519074305091,34.745508274180274
aiare 2,hgb_max_iter=200_learning_rate=0.1_max_depth=6_min_samples_leaf=5,14.473580208725458,13.002998112724397,34.884542317325696
aiare 2,hgb_max_iter=400_learning_rate=0.05_max_depth=6_min_samples_leaf=5,14.495384158725956,12.989307143020625,37.08190006626236
aiare 2,extra_trees_n_estimators=300_max_depth=None_min_samples_leaf=1,14.504757870973734,11.725555555555554,52.21633617263077
aiare 2,extra_trees_n_estimators=300_max_depth=20_min_samples_leaf=1,14.504757870973734,11.725555555555554,52.21633617263077
aiare 2,extra_trees_n_estimators=200_max_depth=5_min_samples_leaf=1,14.527755674122815,11.906337962962967,54.05338910580863
aiare 2,extra_trees_n_estimators=300_max_depth=10_min_samples_leaf=1,14.54034987177362,11.801296296296293,52.255303810290194
aiare 2,extra_trees_n_estimators=100_max_depth=5_min_samples_leaf=1,14.639175144118866,12.199178571428567,53.57137375292194
aiare 2,extra_trees_n_estimators=200_max_depth=None_min_samples_leaf=1,14.735566965044095,12.244444444444442,53.30188825256479
aiare 2,extra_trees_n_estimators=200_max_depth=20_min_samples_leaf=1,14.735566965044095,12.244444444444442,53.30188825256479
aiare 2,extra_trees_n_estimators=200_max_depth=10_min_samples_leaf=1,14.742034606895855,12.248055555555553,53.30145212803446
aiare 2,extra_trees_n_estimators=100_max_depth=None_min_samples_leaf=1,14.758210076491752,12.295555555555554,54.15412774707676
aiare 2,extra_trees_n_estimators=100_max_depth=10_min_samples_leaf=1,14.758210076491752,12.295555555555554,54.15412774707676
aiare 2,extra_trees_n_estimators=100_max_depth=20_min_samples_leaf=1,14.758210076491752,12.295555555555554,54.15412774707676
aiare 2,ridge_alpha=0.1,14.769531851305715,14.281163016110739,55.33866682537205
aiare 2,hgb_max_iter=400_learning_rate=0.1_max_depth=3_min_samples_leaf=5,14.78145167307204,13.489519425751121,36.69558962835827
aiare 2,hgb_max_iter=400_learning_rate=0.1_max_depth=4_min_samples_leaf=5,14.820931118769778,13.36822133453901,34.005577355695145
aiare 2,hgb_max_iter=400_learning_rate=0.1_max_depth=6_min_samples_leaf=5,14.86080785086841,13.419002948107101,34.12044029343566
aiare 2,extra_trees_n_estimators=100_max_depth=20_min_samples_leaf=3,14.91216311495944,14.366296296296277,61.39161304845019
aiare 2,extra_trees_n_estimators=100_max_depth=None_min_samples_leaf=3,14.912163114959446,14.366296296296278,61.39161304845018
aiare 2,extra_trees_n_estimators=100_max_depth=10_min_samples_leaf=3,14.912163114959446,14.366296296296278,61.39161304845019
aiare 2,extra_trees_n_estimators=100_max_depth=5_min_samples_leaf=3,14.966464805682838,14.422462962962939,61.425656509255155
aiare 2,hgb_max_iter=100_learning_rate=0.2_max_depth=4_min_samples_leaf=5,15.382552413701106,13.673678352180595,37.930840650801265
aiare 2,hgb_max_iter=100_learning_rate=0.2_max_depth=6_min_samples_leaf=5,15.449605213890402,13.739216621013277,38.212884070624185
aiare 2,hgb_max_iter=200_learning_rate=0.2_max_depth=6_min_samples_leaf=5,15.705435060558868,14.101555903145197,38.66369100893164
aiare 2,hgb_max_iter=400_learning_rate=0.2_max_depth=6_min_samples_leaf=5,15.726808261251506,14.126101555309871,38.75240763785735
aiare 2,hgb_max_iter=200_learning_rate=0.2_max_depth=4_min_samples_leaf=5,15.750898850704814,14.142267369451707,38.60260482659177
aiare 2,hgb_max_iter=400_learning_rate=0.2_max_depth=4_min_samples_leaf=5,15.778712245059147,14.171865574029466,38.688531607599
aiare 2,elasticnet_alpha=0.01_l1_ratio=0.5,15.944011783842328,15.376354899584598,56.83301545528602
aiare 2,random_forest_n_estimators=300_max_depth=5_min_samples_leaf=3,16.354430966471906,13.644047565603124,49.47024652438236
aiare 2,random_forest_n_estimators=300_max_depth=20_min_samples_leaf=3,16.354430966471906,13.644047565603126,49.470246524382354
aiare 2,random_forest_n_estimators=300_max_depth=10_min_samples_leaf=3,16.354430966471906,13.644047565603126,49.47024652438236
aiare 2,random_forest_n_estimators=300_max_depth=None_min_samples_leaf=3,16.354430966471917,13.644047565603133,49.470246524382354
aiare 2,elasticnet_alpha=0.1_l1_ratio=0.9,16.689915715707215,16.072734443756662,54.795813885392484
aiare 2,bagging_n_estimators=10_max_samples=1.0_max_features=1.0,16.85589185473139,13.255555555555553,34.7314655595163
aiare 2,random_forest_n_estimators=200_max_depth=10_min_samples_leaf=3,17.953834899416076,14.696126362834702,44.9027852150687
aiare 2,random_forest_n_estimators=200_max_depth=20_min_samples_leaf=3,17.95383489941608,14.696126362834702,44.90278521506872
aiare 2,random_forest_n_estimators=200_max_depth=None_min_samples_leaf=3,17.953834899416083,14.69612636283471,44.90278521506872
aiare 2,random_forest_n_estimators=200_max_depth=5_min_samples_leaf=3,17.953834899416083,14.69612636283471,44.90278521506872
aiare 2,bagging_n_estimators=25_max_samples=0.7_max_features=0.9,18.117503922534933,15.546666666666667,60.58326465447553
aiare 2,bagging_n_estimators=50_max_samples=1.0_max_features=0.7,18.151046933999602,14.735555555555557,48.30318257844082
aiare 2,bagging_n_estimators=25_max_samples=0.7_max_features=0.7,18.765374383358033,16.19111111111111,57.004020130739434
aiare 2,elasticnet_alpha=0.01_l1_ratio=0.3,18.86181069780535,18.201757016702597,60.1328460845682
aiare 2,bagging_n_estimators=50_max_samples=1.0_max_features=0.9,19.180298145108974,15.335555555555558,54.0081344724878
aiare 2,bagging_n_estimators=50_max_samples=0.9_max_features=0.7,19.48471262539978,16.060000000000006,65.05712620458114
aiare 2,random_forest_n_estimators=100_max_depth=10_min_samples_leaf=3,19.50827743747402,16.04414614397946,43.82447035245563
aiare 2,random_forest_n_estimators=100_max_depth=5_min_samples_leaf=3,19.508277437474025,16.044146143979464,43.82447035245563
aiare 2,random_forest_n_estimators=100_max_depth=None_min_samples_leaf=3,19.508277437474025,16.044146143979464,43.82447035245564
aiare 2,random_forest_n_estimators=100_max_depth=20_min_samples_leaf=3,19.508277437474025,16.044146143979464,43.82447035245564
aiare 2,gbr_n_estimators=300_learning_rate=0.01_max_depth=3_subsample=1.0,19.52393339461825,16.904954366708395,52.591781196042746
aiare 2,gbr_n_estimators=200_learning_rate=0.01_max_depth=3_subsample=1.0,19.771471735415233,19.356061057410628,110.22225426854301
aiare 2,gbr_n_estimators=200_learning_rate=0.01_max_depth=4_subsample=0.8,19.81168252356519,19.31561486289642,118.36704270177368
aiare 2,random_forest_n_estimators=300_max_depth=None_min_samples_leaf=1,19.8213852620091,16.006296296296295,48.1817121465466
aiare 2,random_forest_n_estimators=300_max_depth=10_min_samples_leaf=1,19.8213852620091,16.006296296296295,48.1817121465466
aiare 2,random_forest_n_estimators=300_max_depth=20_min_samples_leaf=1,19.8213852620091,16.006296296296295,48.1817121465466
aiare 2,bagging_n_estimators=25_max_samples=1.0_max_features=0.9,19.855273031904762,15.795555555555552,61.68829590198351
aiare 2,bagging_n_estimators=25_max_samples=1.0_max_features=0.7,19.887531983877977,14.937777777777773,47.78991172328434
aiare 2,random_forest_n_estimators=300_max_depth=5_min_samples_leaf=1,20.027947145528362,16.12135229276896,47.83195978494584
aiare 2,gbr_n_estimators=200_learning_rate=0.01_max_depth=5_subsample=0.8,20.037440150691797,19.223617926230165,118.59157418565003
aiare 2,gbr_n_estimators=100_learning_rate=0.1_max_depth=3_subsample=1.0,20.179130762601666,15.314700824254112,18.705225665336606
aiare 2,gbr_n_estimators=200_learning_rate=0.1_max_depth=3_subsample=1.0,20.17931373011801,15.313784782233524,18.697861798744107
aiare 2,gbr_n_estimators=300_learning_rate=0.1_max_depth=3_subsample=1.0,20.179336650760714,15.313787038073821,18.697802087111118
aiare 2,random_forest_n_estimators=200_max_depth=None_min_samples_leaf=1,20.2312492286323,16.24,43.76488296808885
aiare 2,random_forest_n_estimators=200_max_depth=10_min_samples_leaf=1,20.2312492286323,16.24,43.76488296808885
aiare 2,random_forest_n_estimators=200_max_depth=20_min_samples_leaf=1,20.2312492286323,16.24,43.76488296808885
aiare 2,bagging_n_estimators=50_max_samples=0.7_max_features=0.7,20.316837812611336,18.41333333333333,81.36052493924336
aiare 2,random_forest_n_estimators=200_max_depth=5_min_samples_leaf=1,20.365578785879045,16.190740740740743,43.483998345407876
aiare 2,random_forest_n_estimators=100_max_depth=None_min_samples_leaf=1,20.445910658629433,16.621111111111112,37.33209270304828
aiare 2,random_forest_n_estimators=100_max_depth=10_min_samples_leaf=1,20.445910658629433,16.621111111111112,37.33209270304828
aiare 2,random_forest_n_estimators=100_max_depth=20_min_samples_leaf=1,20.445910658629433,16.621111111111112,37.33209270304828
aiare 2,gbr_n_estimators=200_learning_rate=0.01_max_depth=3_subsample=0.8,20.47907184361496,19.866638712619103,112.43056684708499
aiare 2,gbr_n_estimators=300_learning_rate=0.01_max_depth=4_subsample=0.8,20.517420933642846,17.539578420867716,62.08118601972077
aiare 2,gbr_n_estimators=100_learning_rate=0.05_max_depth=3_subsample=1.0,20.563176062068848,16.00173360261178,22.18862463830663
aiare 2,gbr_n_estimators=300_learning_rate=0.01_max_depth=3_subsample=0.8,20.568690092373586,17.393099048765787,54.024266462606676
aiare 2,gbr_n_estimators=200_learning_rate=0.05_max_depth=3_subsample=1.0,20.639184689493348,15.965336006684316,18.942508425503018
aiare 2,gbr_n_estimators=300_learning_rate=0.05_max_depth=3_subsample=1.0,20.640356737776496,15.965484506590121,18.937248217137647
aiare 2,bagging_n_estimators=25_max_samples=0.9_max_features=0.7,20.767951863884683,15.235555555555555,51.850212771704456
aiare 2,bagging_n_estimators=50_max_samples=0.7_max_features=0.9,21.02558828944279,17.49555555555556,62.22972000864463
aiare 2,elasticnet_alpha=0.01_l1_ratio=0.1,21.204879782860882,20.565479894110624,63.154153494674354
aiare 2,gbr_n_estimators=100_learning_rate=0.2_max_depth=5_subsample=1.0,21.258796272257886,17.07656192238624,41.566125052409944
aiare 2,gbr_n_estimators=200_learning_rate=0.2_max_depth=5_subsample=1.0,21.258796274828462,17.07656192307499,41.56612500979505
aiare 2,gbr_n_estimators=300_learning_rate=0.2_max_depth=5_subsample=1.0,21.258796274828462,17.07656192307499,41.56612500979505
aiare 2,gbr_n_estimators=200_learning_rate=0.2_max_depth=3_subsample=1.0,21.324866723858126,15.99835110197026,17.465864075500832
aiare 2,gbr_n_estimators=300_learning_rate=0.2_max_depth=3_subsample=1.0,21.324866738605014,15.998351115758304,17.465864091937956
aiare 2,gbr_n_estimators=100_learning_rate=0.2_max_depth=3_subsample=1.0,21.32489251265852,15.998373614337497,17.465839707623005
aiare 2,gbr_n_estimators=300_learning_rate=0.01_max_depth=5_subsample=0.8,21.34566787131242,17.503482084352672,62.10276242958518
aiare 2,gbr_n_estimators=100_learning_rate=0.1_max_depth=5_subsample=1.0,21.46348704293209,17.241013461482833,43.48747889765276
aiare 2,gbr_n_estimators=200_learning_rate=0.1_max_depth=5_subsample=1.0,21.46483676908078,17.241908144803308,43.47779770788398
aiare 2,gbr_n_estimators=300_learning_rate=0.1_max_depth=5_subsample=1.0,21.46483678795921,17.241908155329238,43.477797483030294
aiare 2,bagging_n_estimators=25_max_samples=1.0_max_features=1.0,21.880135635968173,16.46666666666667,32.26037299612179
aiare 2,gbr_n_estimators=100_learning_rate=0.05_max_depth=4_subsample=0.8,22.156558222431915,17.01021465543221,35.23340297834215
aiare 2,gbr_n_estimators=300_learning_rate=0.05_max_depth=4_subsample=0.8,22.29828907785596,17.1255265974411,33.16697725207316
aiare 2,gbr_n_estimators=200_learning_rate=0.05_max_depth=4_subsample=0.8,22.300101911240613,17.12639526924489,33.195053542227136
aiare 2,random_forest_n_estimators=100_max_depth=5_min_samples_leaf=1,22.36748318318924,17.990962962962964,37.96558479883614
aiare 2,gbr_n_estimators=200_learning_rate=0.01_max_depth=4_subsample=1.0,22.4497868573899,21.494352960168754,116.72473459194764
aiare 2,gbr_n_estimators=200_learning_rate=0.01_max_depth=6_subsample=0.8,22.626496369820796,21.800593400919478,123.66226735240782
aiare 2,bagging_n_estimators=50_max_samples=1.0_max_features=1.0,22.904322979811198,17.582222222222228,32.75124559692723
aiare 2,gbr_n_estimators=100_learning_rate=0.05_max_depth=5_subsample=0.8,23.02340035014498,16.87794539725446,37.07361666680769
aiare 2,gbr_n_estimators=200_learning_rate=0.01_max_depth=5_subsample=1.0,23.174831399549745,22.05399435497489,120.34572491441088
aiare 2,bagging_n_estimators=25_max_samples=0.9_max_features=1.0,23.238369386374288,18.604444444444443,37.83396372464752
aiare 2,gbr_n_estimators=300_learning_rate=0.05_max_depth=5_subsample=0.8,23.2530981496912,17.063186514023403,35.19146739089697
aiare 2,gbr_n_estimators=200_learning_rate=0.05_max_depth=5_subsample=0.8,23.253769890275283,17.063611901479977,35.20904188552111
aiare 2,gbr_n_estimators=300_learning_rate=0.01_max_depth=6_subsample=0.8,23.302780528383465,20.027970192853815,66.81340229605735
aiare 2,gbr_n_estimators=300_learning_rate=0.1_max_depth=4_subsample=0.8,23.42810846784879,18.619601186571916,34.16890239847205
aiare 2,gbr_n_estimators=200_learning_rate=0.1_max_depth=4_subsample=0.8,23.428121725106532,18.619612570356484,34.169015228759754
aiare 2,gbr_n_estimators=100_learning_rate=0.1_max_depth=4_subsample=0.8,23.42886790791997,18.619492016171204,34.17676751545347
aiare 2,bagging_n_estimators=10_max_samples=0.7_max_features=0.9,23.466933413216783,19.844444444444438,82.4168329077602
aiare 2,gbr_n_estimators=300_learning_rate=0.2_max_depth=3_subsample=0.8,23.486967057082396,17.136466224082373,21.429578405197873
aiare 2,gbr_n_estimators=200_learning_rate=0.2_max_depth=3_subsample=0.8,23.4869674155527,17.136466571453234,21.429578847732888
aiare 2,gbr_n_estimators=100_learning_rate=0.2_max_depth=3_subsample=0.8,23.487019074596756,17.13647420325645,21.428511401887594
aiare 2,bagging_n_estimators=25_max_samples=0.9_max_features=0.9,23.632438941161237,18.795555555555552,58.11270564636496
aiare 2,gbr_n_estimators=200_learning_rate=0.01_max_depth=6_subsample=1.0,23.653859255364235,22.429856642845618,119.12670229668056
aiare 2,gbr_n_estimators=300_learning_rate=0.01_max_depth=4_subsample=1.0,23.735951630745465,19.545418415671858,59.63049388343737
aiare 2,gbr_n_estimators=100_learning_rate=0.2_max_depth=4_subsample=1.0,23.81249778250488,18.386807377298833,27.839651041767
aiare 2,gbr_n_estimators=200_learning_rate=0.2_max_depth=4_subsample=1.0,23.812497788406137,18.386807379594725,27.83965098004758
aiare 2,gbr_n_estimators=300_learning_rate=0.2_max_depth=4_subsample=1.0,23.812497788406137,18.386807379594725,27.83965098004758
aiare 2,gbr_n_estimators=100_learning_rate=0.05_max_depth=3_subsample=0.8,24.119162381925914,17.658744631741943,29.216886222567254
aiare 2,gbr_n_estimators=300_learning_rate=0.05_max_depth=3_subsample=0.8,24.13174581673773,17.57836517893942,26.456658637726253
aiare 2,gbr_n_estimators=200_learning_rate=0.05_max_depth=3_subsample=0.8,24.1360559049696,17.583900873466003,26.554096038869556
aiare 2,bagging_n_estimators=50_max_samples=0.9_max_features=0.9,24.224101907250656,18.73333333333333,48.4327273171584
aiare 2,bagging_n_estimators=50_max_samples=0.9_max_features=1.0,24.271934788113878,19.095555555555553,41.39316784452089
aiare 2,gbr_n_estimators=100_learning_rate=0.1_max_depth=5_subsample=0.8,24.27879705970837,17.84643902459722,37.79328841690568
aiare 2,gbr_n_estimators=300_learning_rate=0.1_max_depth=5_subsample=0.8,24.280489387567727,17.849377423291198,37.772668394855906
aiare 2,gbr_n_estimators=200_learning_rate=0.1_max_depth=5_subsample=0.8,24.280494271971296,17.849385102670034,37.772738995062724
aiare 2,gbr_n_estimators=300_learning_rate=0.1_max_depth=3_subsample=0.8,24.471378736792246,17.819479334535504,26.277766848897386
aiare 2,gbr_n_estimators=200_learning_rate=0.1_max_depth=3_subsample=0.8,24.471435609712675,17.819569831686888,26.279577926236826
aiare 2,gbr_n_estimators=100_learning_rate=0.1_max_depth=3_subsample=0.8,24.482265048439086,17.83688788936622,26.421370628029305
aiare 2,elasticnet_alpha=0.05_l1_ratio=0.7,24.560173534124022,23.99143572011924,67.65262485290314
aiare 2,gbr_n_estimators=100_learning_rate=0.05_max_depth=6_subsample=0.8,24.633140722404978,18.835496779130434,37.886784143497074
aiare 2,gbr_n_estimators=300_learning_rate=0.05_max_depth=6_subsample=0.8,24.870880364615562,18.864230373395237,34.597708760237495
aiare 2,gbr_n_estimators=200_learning_rate=0.05_max_depth=6_subsample=0.8,24.871648041778787,18.865244372134217,34.62676643276896
aiare 2,gbr_n_estimators=300_learning_rate=0.1_max_depth=6_subsample=0.8,24.97715086253113,19.37261092058802,29.814900818356946
aiare 2,gbr_n_estimators=200_learning_rate=0.1_max_depth=6_subsample=0.8,24.97715136333122,19.372613587675517,29.81491113910995
aiare 2,gbr_n_estimators=100_learning_rate=0.1_max_depth=6_subsample=0.8,24.977626125180464,19.370587476720484,29.80672572678468
aiare 2,gbr_n_estimators=300_learning_rate=0.01_max_depth=5_subsample=1.0,24.985799401470356,20.5407354268027,63.930702715904054
aiare 2,gbr_n_estimators=100_learning_rate=0.1_max_depth=4_subsample=1.0,25.175412680860983,19.349133376867755,29.982144984195603
aiare 2,gbr_n_estimators=200_learning_rate=0.1_max_depth=4_subsample=1.0,25.176591200635638,19.350398029296116,29.974708053875943
aiare 2,gbr_n_estimators=300_learning_rate=0.1_max_depth=4_subsample=1.0,25.176591217791046,19.350398051692995,29.974707873444434
aiare 2,gbr_n_estimators=300_learning_rate=0.01_max_depth=6_subsample=1.0,25.44785162990785,20.9711863491254,62.55263876533119
aiare 2,bagging_n_estimators=10_max_samples=0.7_max_features=0.7,25.503022354456817,22.844444444444445,65.20103354910512
aiare 2,gbr_n_estimators=100_learning_rate=0.05_max_depth=4_subsample=1.0,26.034698548917287,19.78438738783233,34.86514940436165
aiare 2,gbr_n_estimators=100_learning_rate=0.2_max_depth=4_subsample=0.8,26.357148404272845,20.933084837006124,35.59960858698079
aiare 2,gbr_n_estimators=200_learning_rate=0.2_max_depth=4_subsample=0.8,26.357151557031738,20.933076166488878,35.599320631383925
aiare 2,gbr_n_estimators=300_learning_rate=0.2_max_depth=4_subsample=0.8,26.357151557543308,20.933076167189146,35.599320627645064
aiare 2,gbr_n_estimators=200_learning_rate=0.05_max_depth=4_subsample=1.0,26.38413441486941,19.9888208608405,32.62974213008574
aiare 2,gbr_n_estimators=300_learning_rate=0.05_max_depth=4_subsample=1.0,26.385717497377613,19.98972088955058,32.61612531701936
aiare 2,gbr_n_estimators=300_learning_rate=0.2_max_depth=6_subsample=0.8,26.457174264263966,20.695164423402225,39.28179768264979
aiare 2,gbr_n_estimators=200_learning_rate=0.2_max_depth=6_subsample=0.8,26.457174264277203,20.695164423224952,39.28179768582131
aiare 2,gbr_n_estimators=100_learning_rate=0.2_max_depth=6_subsample=0.8,26.457178554553906,20.69516751177073,39.28176792076192
aiare 2,bagging_n_estimators=10_max_samples=0.9_max_features=1.0,26.521907635124762,22.066666666666663,48.985281872737204
aiare 2,bagging_n_estimators=25_max_samples=0.7_max_features=1.0,26.891442428981055,23.382222222222225,82.74881102228811
aiare 2,gbr_n_estimators=100_learning_rate=0.05_max_depth=5_subsample=1.0,27.153506187920925,21.099270348279248,44.18018812564868
aiare 2,bagging_n_estimators=10_max_samples=0.7_max_features=1.0,27.2338922940734,23.21111111111111,57.30223919548769
aiare 2,gbr_n_estimators=200_learning_rate=0.05_max_depth=5_subsample=1.0,27.467202180565305,21.30988355269177,42.136703567122964
aiare 2,gbr_n_estimators=300_learning_rate=0.05_max_depth=5_subsample=1.0,27.46902763196729,21.31101848623989,42.12398213780428
aiare 2,bagging_n_estimators=50_max_samples=0.7_max_features=1.0,27.904278443873846,22.873333333333335,65.43173036022294
aiare 2,bagging_n_estimators=10_max_samples=1.0_max_features=0.9,28.435714472931835,24.077777777777772,83.33979987836868
aiare 2,gbr_n_estimators=100_learning_rate=0.05_max_depth=6_subsample=1.0,28.455664522998116,21.86214330889537,40.66442991795227
aiare 2,random_forest_n_estimators=200_max_depth=None_min_samples_leaf=5,28.70208700461571,24.600193865526546,97.81081611081082
aiare 2,random_forest_n_estimators=200_max_depth=20_min_samples_leaf=5,28.70208700461571,24.60019386552655,97.81081611081079
aiare 2,random_forest_n_estimators=200_max_depth=10_min_samples_leaf=5,28.702087004615716,24.600193865526553,97.81081611081079
aiare 2,random_forest_n_estimators=200_max_depth=5_min_samples_leaf=5,28.702087004615716,24.600193865526553,97.81081611081082
aiare 2,hgb_max_iter=200_learning_rate=0.01_max_depth=3_min_samples_leaf=10,28.731130740984366,26.755879685099643,206.19447178117568
aiare 2,hgb_max_iter=200_learning_rate=0.01_max_depth=4_min_samples_leaf=10,28.731130740984366,26.755879685099643,206.19447178117568
aiare 2,hgb_max_iter=200_learning_rate=0.01_max_depth=6_min_samples_leaf=10,28.731130740984366,26.755879685099643,206.19447178117568
aiare 2,gbr_n_estimators=200_learning_rate=0.05_max_depth=6_subsample=1.0,28.76133416522858,22.06961797044539,38.628199753221274
aiare 2,gbr_n_estimators=300_learning_rate=0.05_max_depth=6_subsample=1.0,28.76314105081698,22.070798224252297,38.615822776239106
aiare 2,random_forest_n_estimators=300_max_depth=None_min_samples_leaf=5,28.777428083205354,25.22103637446811,108.24213528385711
aiare 2,random_forest_n_estimators=300_max_depth=10_min_samples_leaf=5,28.777428083205365,25.22103637446811,108.24213528385712
aiare 2,random_forest_n_estimators=300_max_depth=5_min_samples_leaf=5,28.777428083205375,25.221036374468117,108.24213528385711
aiare 2,random_forest_n_estimators=300_max_depth=20_min_samples_leaf=5,28.777428083205375,25.221036374468117,108.24213528385711
aiare 2,gbr_n_estimators=200_learning_rate=0.2_max_depth=5_subsample=0.8,28.88974475511797,22.277113354058397,32.97311565520949
aiare 2,gbr_n_estimators=300_learning_rate=0.2_max_depth=5_subsample=0.8,28.889744755338057,22.277113354270153,32.97311565335668
aiare 2,gbr_n_estimators=100_learning_rate=0.2_max_depth=5_subsample=0.8,28.889753417843224,22.277122071351815,32.97313447036472
aiare 2,bagging_n_estimators=10_max_samples=0.9_max_features=0.7,29.21111532634306,21.92222222222222,63.239162411465145
aiare 2,random_forest_n_estimators=100_max_depth=10_min_samples_leaf=5,29.27883184173507,25.365986680922177,92.47920516978057
aiare 2,random_forest_n_estimators=100_max_depth=5_min_samples_leaf=5,29.278831841735073,25.36598668092218,92.47920516978057
aiare 2,random_forest_n_estimators=100_max_depth=20_min_samples_leaf=5,29.27883184173508,25.36598668092218,92.47920516978057
aiare 2,random_forest_n_estimators=100_max_depth=None_min_samples_leaf=5,29.278831841735084,25.36598668092219,92.47920516978057
aiare 2,gbr_n_estimators=100_learning_rate=0.1_max_depth=6_subsample=1.0,29.41810248625941,22.22428563913327,37.86269518825129
aiare 2,gbr_n_estimators=200_learning_rate=0.1_max_depth=6_subsample=1.0,29.419594261143672,22.22526601747384,37.85361216270252
aiare 2,gbr_n_estimators=300_learning_rate=0.1_max_depth=6_subsample=1.0,29.419594282451843,22.225266028112035,37.85361194112301
aiare 2,bagging_n_estimators=10_max_samples=1.0_max_features=0.7,29.43412942792473,22.677777777777777,57.51020020738414
aiare 2,elasticnet_alpha=0.05_l1_ratio=0.5,30.871826926318374,30.3697640762568,78.53672108634451
aiare 2,gbr_n_estimators=100_learning_rate=0.2_max_depth=6_subsample=1.0,30.993535793560067,23.359529541375963,40.01658644531748
aiare 2,gbr_n_estimators=200_learning_rate=0.2_max_depth=6_subsample=1.0,30.993535796053994,23.359529542346888,40.01658640903593
aiare 2,gbr_n_estimators=300_learning_rate=0.2_max_depth=6_subsample=1.0,30.993535796053994,23.359529542346888,40.01658640903593
aiare 2,hgb_max_iter=100_learning_rate=0.01_max_depth=3_min_samples_leaf=5,31.35433415608273,28.197047468415093,275.5320856456624
aiare 2,hgb_max_iter=100_learning_rate=0.01_max_depth=4_min_samples_leaf=5,31.446284464316104,28.238898937412966,275.7872044964047
aiare 2,hgb_max_iter=100_learning_rate=0.01_max_depth=6_min_samples_leaf=5,31.446284464316104,28.238898937412966,275.7872044964047
aiare 2,elasticnet_alpha=0.1_l1_ratio=0.7,31.460560996471827,30.86203028909091,76.85474904932089
aiare 2,bagging_n_estimators=10_max_samples=0.9_max_features=0.9,31.499197158710388,24.57777777777778,69.99372782420386
aiare 2,gbr_n_estimators=100_learning_rate=0.01_max_depth=3_subsample=0.8,32.13990826264254,28.3270382868475,270.3465332312168
aiare 2,gbr_n_estimators=100_learning_rate=0.01_max_depth=3_subsample=1.0,32.19845516021645,28.265785554955755,266.85954246133576
aiare 2,elasticnet_alpha=0.5_l1_ratio=0.9,32.22402081637802,31.193692393749334,77.33554467121492
aiare 2,gbr_n_estimators=100_learning_rate=0.01_max_depth=5_subsample=0.8,32.35223489147726,28.546734204089393,272.7138466864031
aiare 2,gbr_n_estimators=100_learning_rate=0.01_max_depth=4_subsample=0.8,32.456254464713275,28.419053805580514,273.0132139959671
aiare 2,gbr_n_estimators=100_learning_rate=0.01_max_depth=4_subsample=1.0,33.282082322446065,30.90811569205806,273.13248855068326
aiare 2,gbr_n_estimators=100_learning_rate=0.01_max_depth=5_subsample=1.0,33.61106385645619,31.086896088271022,275.77388529395904
aiare 2,gbr_n_estimators=100_learning_rate=0.01_max_depth=6_subsample=1.0,34.120032393269284,31.59207354332052,275.1156260300637
aiare 2,gbr_n_estimators=100_learning_rate=0.01_max_depth=6_subsample=0.8,34.25525741430005,30.521320316763504,276.8165561688322
aiare 2,elasticnet_alpha=0.05_l1_ratio=0.3,34.92469278641603,34.32557019199072,85.56240530490044
aiare 2,ridge_alpha=1.0,35.894474135605584,35.25347014300462,88.00250000144298
aiare 2,hgb_max_iter=400_learning_rate=0.01_max_depth=3_min_samples_leaf=10,36.219281577693934,31.106505995844145,163.71892338846277
aiare 2,hgb_max_iter=400_learning_rate=0.01_max_depth=4_min_samples_leaf=10,36.219281577693934,31.106505995844145,163.71892338846277
aiare 2,hgb_max_iter=400_learning_rate=0.01_max_depth=6_min_samples_leaf=10,36.219281577693934,31.106505995844145,163.71892338846277
aiare 2,elasticnet_alpha=0.05_l1_ratio=0.1,37.75435911125169,37.05671028051092,90.9525482173015
aiare 2,elasticnet_alpha=0.1_l1_ratio=0.5,38.038771118740236,37.27216691101751,89.56479986244376
aiare 2,hgb_max_iter=100_learning_rate=0.05_max_depth=3_min_samples_leaf=10,38.65083700478248,32.2469827929984,140.80442442208826
aiare 2,hgb_max_iter=100_learning_rate=0.05_max_depth=4_min_samples_leaf=10,38.65083700478248,32.2469827929984,140.80442442208826
aiare 2,hgb_max_iter=100_learning_rate=0.05_max_depth=6_min_samples_leaf=10,38.65083700478248,32.2469827929984,140.80442442208826
aiare 2,hgb_max_iter=100_learning_rate=0.01_max_depth=3_min_samples_leaf=10,41.511668615587794,35.25388801750965,367.0754644418339
aiare 2,hgb_max_iter=100_learning_rate=0.01_max_depth=4_min_samples_leaf=10,41.511668615587794,35.25388801750965,367.0754644418339
aiare 2,hgb_max_iter=100_learning_rate=0.01_max_depth=6_min_samples_leaf=10,41.511668615587794,35.25388801750965,367.0754644418339
aiare 2,elasticnet_alpha=0.1_l1_ratio=0.3,41.565664815567224,40.657855015530565,96.85682968796824
aiare 2,hgb_max_iter=100_learning_rate=0.1_max_depth=3_min_samples_leaf=10,43.48052019868505,35.6638677595888,117.2926003865951
aiare 2,hgb_max_iter=100_learning_rate=0.1_max_depth=4_min_samples_leaf=10,43.48052019868505,35.6638677595888,117.2926003865951
aiare 2,hgb_max_iter=100_learning_rate=0.1_max_depth=6_min_samples_leaf=10,43.48052019868505,35.6638677595888,117.2926003865951
aiare 2,elasticnet_alpha=0.1_l1_ratio=0.1,43.82829859289376,42.839064412586545,102.73597338423815
aiare 2,hgb_max_iter=200_learning_rate=0.05_max_depth=3_min_samples_leaf=10,44.0150368017608,36.00271166420786,119.61455711276493
aiare 2,hgb_max_iter=200_learning_rate=0.05_max_depth=4_min_samples_leaf=10,44.0150368017608,36.00271166420786,119.61455711276493
aiare 2,hgb_max_iter=200_learning_rate=0.05_max_depth=6_min_samples_leaf=10,44.0150368017608,36.00271166420786,119.61455711276493
aiare 2,elasticnet_alpha=0.5_l1_ratio=0.7,44.70530071076533,43.44639224715135,106.60604094851551
aiare 2,hgb_max_iter=200_learning_rate=0.1_max_depth=3_min_samples_leaf=10,45.554314967419515,36.84237876559475,110.96802891217409
aiare 2,hgb_max_iter=200_learning_rate=0.1_max_depth=4_min_samples_leaf=10,45.554314967419515,36.84237876559475,110.96802891217409
aiare 2,hgb_max_iter=200_learning_rate=0.1_max_depth=6_min_samples_leaf=10,45.554314967419515,36.84237876559475,110.96802891217409
aiare 2,hgb_max_iter=400_learning_rate=0.1_max_depth=3_min_samples_leaf=10,45.57336637063664,35.70765370086214,81.88034299922496
aiare 2,hgb_max_iter=400_learning_rate=0.1_max_depth=4_min_samples_leaf=10,45.57336637063664,35.70765370086214,81.88034299922496
aiare 2,hgb_max_iter=400_learning_rate=0.1_max_depth=6_min_samples_leaf=10,45.57336637063664,35.70765370086214,81.88034299922496
aiare 2,hgb_max_iter=400_learning_rate=0.05_max_depth=3_min_samples_leaf=10,45.83487611981645,37.064658377509836,108.53210815665629
aiare 2,hgb_max_iter=400_learning_rate=0.05_max_depth=4_min_samples_leaf=10,45.83487611981645,37.064658377509836,108.53210815665629
aiare 2,hgb_max_iter=400_learning_rate=0.05_max_depth=6_min_samples_leaf=10,45.83487611981645,37.064658377509836,108.53210815665629
aiare 2,elasticnet_alpha=0.5_l1_ratio=0.5,47.28863161966006,45.73827998629931,121.15377217471479
aiare 2,ridge_alpha=50.0,47.92435688485104,43.038310906106915,265.4489680097428
aiare 2,elasticnet_alpha=0.5_l1_ratio=0.3,48.23509624328744,46.46372363736088,135.5077400886572
aiare 2,ridge_alpha=10.0,48.28165089179051,46.4155325626568,138.43910150407388
aiare 2,elasticnet_alpha=0.5_l1_ratio=0.1,48.694455470480854,47.03749790701505,149.97255603793465
aiare 2,hgb_max_iter=200_learning_rate=0.2_max_depth=3_min_samples_leaf=10,48.8260549042576,38.36095543920851,92.91441684936107
aiare 2,hgb_max_iter=200_learning_rate=0.2_max_depth=4_min_samples_leaf=10,48.8260549042576,38.36095543920851,92.91441684936107
aiare 2,hgb_max_iter=200_learning_rate=0.2_max_depth=6_min_samples_leaf=10,48.8260549042576,38.36095543920851,92.91441684936107
aiare 2,hgb_max_iter=400_learning_rate=0.2_max_depth=3_min_samples_leaf=10,49.03661852385528,37.49075141482158,64.61542889630856
aiare 2,hgb_max_iter=400_learning_rate=0.2_max_depth=4_min_samples_leaf=10,49.03661852385528,37.49075141482158,64.61542889630856
aiare 2,hgb_max_iter=400_learning_rate=0.2_max_depth=6_min_samples_leaf=10,49.03661852385528,37.49075141482158,64.61542889630856
aiare 2,hgb_max_iter=100_learning_rate=0.2_max_depth=3_min_samples_leaf=10,49.3191764328276,40.13021868637116,120.62502468054738
aiare 2,hgb_max_iter=100_learning_rate=0.2_max_depth=4_min_samples_leaf=10,49.3191764328276,40.13021868637116,120.62502468054738
aiare 2,hgb_max_iter=100_learning_rate=0.2_max_depth=6_min_samples_leaf=10,49.3191764328276,40.13021868637116,120.62502468054738
aiare 2,ridge_alpha=100.0,50.76503431004716,46.09779748570901,352.3019737968473
aiare 2,svr_C=50.0_epsilon=1.0_gamma=auto,64.67466477605025,56.71231080447172,391.4492944294487
aiare 2,svr_C=50.0_epsilon=0.5_gamma=auto,64.76449714516956,56.84271570933121,392.0695943112182
aiare 2,svr_C=50.0_epsilon=0.1_gamma=auto,64.82656077042245,56.93866967694074,392.58093913672457
aiare 2,svr_C=50.0_epsilon=0.01_gamma=auto,64.8406269009149,56.96027694021103,392.69591069774316
aiare 2,svr_C=50.0_epsilon=1.0_gamma=scale,66.71685729664223,58.53512014430702,403.6775372635822
aiare 2,svr_C=50.0_epsilon=0.5_gamma=scale,66.78147459032348,58.634068187563315,404.1347563794971
aiare 2,svr_C=50.0_epsilon=0.1_gamma=scale,66.84761383110613,58.731208521405314,404.5131647314003
aiare 2,svr_C=50.0_epsilon=0.01_gamma=scale,66.86323996325602,58.75401258520689,404.5991980892381
aiare 2,svr_C=10.0_epsilon=0.01_gamma=auto,82.59394235735061,78.80245202571086,474.00342883173585
aiare 2,svr_C=10.0_epsilon=0.1_gamma=auto,82.59854883805566,78.80704924082895,474.01555193921416
aiare 2,svr_C=10.0_epsilon=0.5_gamma=auto,82.61902231602899,78.82748130802044,474.0694324168954
aiare 2,svr_C=10.0_epsilon=1.0_gamma=auto,82.67176409973449,78.86921147136106,474.71948001407173
aiare 2,svr_C=10.0_epsilon=0.01_gamma=scale,83.30147218751114,79.54799507653381,477.21932592601496
aiare 2,svr_C=10.0_epsilon=0.1_gamma=scale,83.3055521516924,79.55204844873015,477.22987181799607
aiare 2,svr_C=10.0_epsilon=0.5_gamma=scale,83.32368551996734,79.57006343626948,477.27674244902346
aiare 2,svr_C=10.0_epsilon=1.0_gamma=scale,83.37596070700432,79.61034940964171,477.9747912747228
aiare 2,svr_C=1.0_epsilon=0.01_gamma=auto,92.76620894176374,88.85775042301418,553.7864148934697
aiare 2,svr_C=1.0_epsilon=0.1_gamma=auto,92.76620894176374,88.85775042301418,553.7864148934697
aiare 2,svr_C=1.0_epsilon=0.5_gamma=auto,92.76620894176374,88.85775042301418,553.7864148934697
aiare 2,svr_C=1.0_epsilon=1.0_gamma=auto,92.76620894176374,88.85775042301418,553.7864148934697
aiare 2,svr_C=1.0_epsilon=0.01_gamma=scale,92.84048664040056,88.93423547038321,554.1871395487211
aiare 2,svr_C=1.0_epsilon=0.1_gamma=scale,92.84048664040056,88.93423547038321,554.1871395487211
aiare 2,svr_C=1.0_epsilon=0.5_gamma=scale,92.84048664040056,88.93423547038321,554.1871395487211
aiare 2,svr_C=1.0_epsilon=1.0_gamma=scale,92.84048664040056,88.93423547038321,554.1871395487211
aiare 2,svr_C=0.1_epsilon=0.01_gamma=auto,93.69733250627746,89.88577504230142,553.7321960195098
aiare 2,svr_C=0.1_epsilon=0.1_gamma=auto,93.69733250627746,89.88577504230142,553.7321960195098
aiare 2,svr_C=0.1_epsilon=0.5_gamma=auto,93.69733250627746,89.88577504230142,553.7321960195098
aiare 2,svr_C=0.1_epsilon=1.0_gamma=auto,93.69733250627746,89.88577504230142,553.7321960195098
aiare 2,svr_C=0.1_epsilon=0.01_gamma=scale,93.70479846859509,89.89342354703832,553.7722684850349
aiare 2,svr_C=0.1_epsilon=0.1_gamma=scale,93.70479846859509,89.89342354703832,553.7722684850349
aiare 2,svr_C=0.1_epsilon=0.5_gamma=scale,93.70479846859509,89.89342354703832,553.7722684850349
aiare 2,svr_C=0.1_epsilon=1.0_gamma=scale,93.70479846859509,89.89342354703832,553.7722684850349
aiare 2,hgb_max_iter=100_learning_rate=0.01_max_depth=3_min_samples_leaf=20,94.87060675821334,85.41255144032921,715.7187711071347
aiare 2,hgb_max_iter=100_learning_rate=0.01_max_depth=4_min_samples_leaf=20,94.87060675821334,85.41255144032921,715.7187711071347
aiare 2,hgb_max_iter=100_learning_rate=0.01_max_depth=6_min_samples_leaf=20,94.87060675821334,85.41255144032921,715.7187711071347
aiare 2,hgb_max_iter=100_learning_rate=0.05_max_depth=3_min_samples_leaf=20,94.87060675821334,85.41255144032921,715.7187711071347
aiare 2,hgb_max_iter=100_learning_rate=0.05_max_depth=4_min_samples_leaf=20,94.87060675821334,85.41255144032921,715.7187711071347
aiare 2,hgb_max_iter=100_learning_rate=0.05_max_depth=6_min_samples_leaf=20,94.87060675821334,85.41255144032921,715.7187711071347
aiare 2,hgb_max_iter=100_learning_rate=0.1_max_depth=3_min_samples_leaf=20,94.87060675821334,85.41255144032921,715.7187711071347
aiare 2,hgb_max_iter=100_learning_rate=0.1_max_depth=4_min_samples_leaf=20,94.87060675821334,85.41255144032921,715.7187711071347
aiare 2,hgb_max_iter=100_learning_rate=0.1_max_depth=6_min_samples_leaf=20,94.87060675821334,85.41255144032921,715.7187711071347
aiare 2,hgb_max_iter=100_learning_rate=0.2_max_depth=3_min_samples_leaf=20,94.87060675821334,85.41255144032921,715.7187711071347
aiare 2,hgb_max_iter=100_learning_rate=0.2_max_depth=4_min_samples_leaf=20,94.87060675821334,85.41255144032921,715.7187711071347
aiare 2,hgb_max_iter=100_learning_rate=0.2_max_depth=6_min_samples_leaf=20,94.87060675821334,85.41255144032921,715.7187711071347
aiare 2,hgb_max_iter=200_learning_rate=0.01_max_depth=3_min_samples_leaf=20,94.87060675821334,85.41255144032921,715.7187711071347
aiare 2,hgb_max_iter=200_learning_rate=0.01_max_depth=4_min_samples_leaf=20,94.87060675821334,85.41255144032921,715.7187711071347
aiare 2,hgb_max_iter=200_learning_rate=0.01_max_depth=6_min_samples_leaf=20,94.87060675821334,85.41255144032921,715.7187711071347
aiare 2,hgb_max_iter=200_learning_rate=0.05_max_depth=3_min_samples_leaf=20,94.87060675821334,85.41255144032921,715.7187711071347
aiare 2,hgb_max_iter=200_learning_rate=0.05_max_depth=4_min_samples_leaf=20,94.87060675821334,85.41255144032921,715.7187711071347
aiare 2,hgb_max_iter=200_learning_rate=0.05_max_depth=6_min_samples_leaf=20,94.87060675821334,85.41255144032921,715.7187711071347
aiare 2,hgb_max_iter=200_learning_rate=0.1_max_depth=3_min_samples_leaf=20,94.87060675821334,85.41255144032921,715.7187711071347
aiare 2,hgb_max_iter=200_learning_rate=0.1_max_depth=4_min_samples_leaf=20,94.87060675821334,85.41255144032921,715.7187711071347
aiare 2,hgb_max_iter=200_learning_rate=0.1_max_depth=6_min_samples_leaf=20,94.87060675821334,85.41255144032921,715.7187711071347
aiare 2,hgb_max_iter=200_learning_rate=0.2_max_depth=3_min_samples_leaf=20,94.87060675821334,85.41255144032921,715.7187711071347
aiare 2,hgb_max_iter=200_learning_rate=0.2_max_depth=4_min_samples_leaf=20,94.87060675821334,85.41255144032921,715.7187711071347
aiare 2,hgb_max_iter=200_learning_rate=0.2_max_depth=6_min_samples_leaf=20,94.87060675821334,85.41255144032921,715.7187711071347
aiare 2,hgb_max_iter=400_learning_rate=0.01_max_depth=3_min_samples_leaf=20,94.87060675821334,85.41255144032921,715.7187711071347
aiare 2,hgb_max_iter=400_learning_rate=0.01_max_depth=4_min_samples_leaf=20,94.87060675821334,85.41255144032921,715.7187711071347
aiare 2,hgb_max_iter=400_learning_rate=0.01_max_depth=6_min_samples_leaf=20,94.87060675821334,85.41255144032921,715.7187711071347
aiare 2,hgb_max_iter=400_learning_rate=0.05_max_depth=3_min_samples_leaf=20,94.87060675821334,85.41255144032921,715.7187711071347
aiare 2,hgb_max_iter=400_learning_rate=0.05_max_depth=4_min_samples_leaf=20,94.87060675821334,85.41255144032921,715.7187711071347
aiare 2,hgb_max_iter=400_learning_rate=0.05_max_depth=6_min_samples_leaf=20,94.87060675821334,85.41255144032921,715.7187711071347
aiare 2,hgb_max_iter=400_learning_rate=0.1_max_depth=3_min_samples_leaf=20,94.87060675821334,85.41255144032921,715.7187711071347
aiare 2,hgb_max_iter=400_learning_rate=0.1_max_depth=4_min_samples_leaf=20,94.87060675821334,85.41255144032921,715.7187711071347
aiare 2,hgb_max_iter=400_learning_rate=0.1_max_depth=6_min_samples_leaf=20,94.87060675821334,85.41255144032921,715.7187711071347
aiare 2,hgb_max_iter=400_learning_rate=0.2_max_depth=3_min_samples_leaf=20,94.87060675821334,85.41255144032921,715.7187711071347
aiare 2,hgb_max_iter=400_learning_rate=0.2_max_depth=4_min_samples_leaf=20,94.87060675821334,85.41255144032921,715.7187711071347
aiare 2,hgb_max_iter=400_learning_rate=0.2_max_depth=6_min_samples_leaf=20,94.87060675821334,85.41255144032921,715.7187711071347
avalanche rescue,lasso_alpha=0.5,3.297209269626778,2.841837798377929,9.92222077140386
avalanche rescue,lasso_alpha=1.0,3.4494750496678788,2.93993993215342,8.423959269354459
avalanche rescue,lasso_alpha=0.1,4.638314209552719,4.203957271841978,28.99060380133115
avalanche rescue,lasso_alpha=0.05,5.152072132640486,4.7628225226159,33.40764919856531
avalanche rescue,lasso_alpha=0.01,5.563891001541659,5.1028737311476355,30.285627700619028
avalanche rescue,lasso_alpha=0.001,6.0504192432055675,5.344162202700085,21.454720374273727
avalanche rescue,huber_epsilon=2.0_alpha=0.0001,6.0866717641166685,5.68087719191129,37.97792338488341
avalanche rescue,huber_epsilon=1.35_alpha=0.0001,7.042008239300985,6.181762254413299,26.14761460465203
avalanche rescue,ridge_alpha=0.01,7.494119518837751,6.597298748589835,37.72962590452492
avalanche rescue,huber_epsilon=1.35_alpha=0.001,7.605852395863018,6.63228622860273,25.78969446465248
avalanche rescue,huber_epsilon=1.5_alpha=0.0001,7.744707505238229,6.643727908250254,15.992321913069901
avalanche rescue,huber_epsilon=2.0_alpha=0.001,7.746222450094501,7.050578796924747,41.22737282596606
avalanche rescue,huber_epsilon=1.5_alpha=0.001,7.796127978261729,6.789369618562535,24.750571453382765
avalanche rescue,elasticnet_alpha=0.01_l1_ratio=0.9,8.09273992393424,7.248932351066789,59.28756726752359
avalanche rescue,huber_epsilon=1.1_alpha=0.001,9.242892615295634,8.430712113490518,79.28528119804022
avalanche rescue,huber_epsilon=2.0_alpha=0.01,9.271042925706404,8.589902407644665,67.32953461365013
avalanche rescue,huber_epsilon=1.1_alpha=0.0001,9.666815316785538,8.531217536323375,79.82197940459929
avalanche rescue,huber_epsilon=1.5_alpha=0.01,9.740064691946678,9.029100554611237,69.4794238649169
avalanche rescue,huber_epsilon=1.35_alpha=0.01,10.244963596218293,9.386149006797757,61.72714793060473
avalanche rescue,huber_epsilon=1.1_alpha=0.01,11.448136300453184,10.913148156088818,94.35154301345331
avalanche rescue,elasticnet_alpha=0.01_l1_ratio=0.7,13.099202315617228,12.282761911238943,120.24200815610483
avalanche rescue,ridge_alpha=0.1,13.632302432624222,12.764763452314149,130.88951915256567
avalanche rescue,elasticnet_alpha=0.05_l1_ratio=0.9,13.803188244655685,12.812209193004271,132.92639384090705
avalanche rescue,elasticnet_alpha=0.01_l1_ratio=0.5,15.909606169063201,14.899441852960166,153.0139890306501
avalanche rescue,elasticnet_alpha=0.01_l1_ratio=0.3,17.98941665879086,16.740453793119965,175.60506432477217
avalanche rescue,elasticnet_alpha=0.1_l1_ratio=0.9,18.065189638998106,16.15703623345842,172.38240798638762
avalanche rescue,elasticnet_alpha=0.01_l1_ratio=0.1,19.65912140625154,18.112879786783722,192.3172853216177
avalanche rescue,elasticnet_alpha=0.05_l1_ratio=0.7,22.799160993123756,20.181617720720567,218.93366267582547
avalanche rescue,gbr_n_estimators=100_learning_rate=0.1_max_depth=3_subsample=1.0,25.59253010225425,19.64569472957816,11.060402887084544
avalanche rescue,gbr_n_estimators=200_learning_rate=0.1_max_depth=3_subsample=1.0,25.59450918963782,19.648642175260036,11.061918765324158
avalanche rescue,gbr_n_estimators=300_learning_rate=0.1_max_depth=3_subsample=1.0,25.594581256399387,19.648667809202962,11.062258521146466
avalanche rescue,gbr_n_estimators=200_learning_rate=0.05_max_depth=3_subsample=1.0,26.057358693812393,20.99747685899607,11.646733379100995
avalanche rescue,gbr_n_estimators=300_learning_rate=0.05_max_depth=3_subsample=1.0,26.05820064848826,20.99826268986448,11.600291124199904
avalanche rescue,gbr_n_estimators=100_learning_rate=0.05_max_depth=3_subsample=1.0,26.25925053207805,21.408034493252973,26.152414275432605
avalanche rescue,gbr_n_estimators=100_learning_rate=0.2_max_depth=3_subsample=1.0,26.77770078937135,21.115693299360903,11.603497594354444
avalanche rescue,gbr_n_estimators=200_learning_rate=0.2_max_depth=3_subsample=1.0,26.77771680109812,21.115888623067814,11.60503230937781
avalanche rescue,gbr_n_estimators=300_learning_rate=0.2_max_depth=3_subsample=1.0,26.777719375165265,21.115891971540304,11.605049171096379
avalanche rescue,elasticnet_alpha=0.05_l1_ratio=0.5,27.402829624550638,23.80595862732381,257.52111633014306
avalanche rescue,gbr_n_estimators=100_learning_rate=0.05_max_depth=6_subsample=0.8,27.42981424587668,20.860824180081497,31.621496591027736
avalanche rescue,gbr_n_estimators=200_learning_rate=0.05_max_depth=6_subsample=0.8,27.47056747129385,20.985444981180457,23.472882450105743
avalanche rescue,gbr_n_estimators=300_learning_rate=0.05_max_depth=6_subsample=0.8,27.470825196561048,20.987328700277843,23.500577105122755
avalanche rescue,gbr_n_estimators=300_learning_rate=0.1_max_depth=6_subsample=0.8,28.448086027001207,23.288685879457876,23.05018365813866
avalanche rescue,gbr_n_estimators=200_learning_rate=0.1_max_depth=6_subsample=0.8,28.448089026010823,23.288688608358243,23.050272801014817
avalanche rescue,gbr_n_estimators=100_learning_rate=0.1_max_depth=6_subsample=0.8,28.452307116285358,23.2893822032493,23.10453092891939
avalanche rescue,elasticnet_alpha=0.1_l1_ratio=0.7,28.932977209744756,24.872319936533014,269.04277360945616
avalanche rescue,gbr_n_estimators=100_learning_rate=0.1_max_depth=4_subsample=0.8,29.027745701683685,21.730249859624834,14.640016869582995
avalanche rescue,gbr_n_estimators=200_learning_rate=0.1_max_depth=4_subsample=0.8,29.03162253358137,21.733176466124853,14.537251527049383
avalanche rescue,gbr_n_estimators=300_learning_rate=0.1_max_depth=4_subsample=0.8,29.031694366001325,21.733287777095356,14.538374866692262
avalanche rescue,gbr_n_estimators=100_learning_rate=0.1_max_depth=5_subsample=0.8,29.306541189921106,23.471488989879603,18.51806327903911
avalanche rescue,gbr_n_estimators=300_learning_rate=0.1_max_depth=5_subsample=0.8,29.307957087058703,23.473709866541487,18.499083876275364
avalanche rescue,gbr_n_estimators=200_learning_rate=0.1_max_depth=5_subsample=0.8,29.307967251255118,23.473715219403218,18.498909879495546
avalanche rescue,gbr_n_estimators=200_learning_rate=0.05_max_depth=5_subsample=0.8,29.485092527310094,23.30726889386017,22.263070329114854
avalanche rescue,gbr_n_estimators=300_learning_rate=0.05_max_depth=5_subsample=0.8,29.485269524724085,23.309032811061872,22.233450706936868
avalanche rescue,gbr_n_estimators=100_learning_rate=0.05_max_depth=5_subsample=0.8,29.670845896442515,23.25650585972371,31.72228966083443
avalanche rescue,ridge_alpha=1.0,30.141857309097336,25.745152947118626,279.8176269529507
avalanche rescue,elasticnet_alpha=0.05_l1_ratio=0.3,30.644603112655886,26.326591275691754,286.17824239661496
avalanche rescue,gbr_n_estimators=200_learning_rate=0.05_max_depth=4_subsample=0.8,30.89847152790023,24.599302787313533,18.492539058984026
avalanche rescue,gbr_n_estimators=300_learning_rate=0.05_max_depth=4_subsample=0.8,30.902178663467737,24.606881678537306,18.53215960424195
avalanche rescue,gbr_n_estimators=100_learning_rate=0.05_max_depth=4_subsample=0.8,31.07810296730329,24.666908344048462,28.81824784579969
avalanche rescue,gbr_n_estimators=300_learning_rate=0.2_max_depth=6_subsample=0.8,32.04465119636734,25.150853881320348,19.634444457243543
avalanche rescue,gbr_n_estimators=200_learning_rate=0.2_max_depth=6_subsample=0.8,32.04465119663652,25.1508538817357,19.63444445778343
avalanche rescue,gbr_n_estimators=100_learning_rate=0.2_max_depth=6_subsample=0.8,32.044651781954286,25.15085689593641,19.634444323825097
avalanche rescue,gbr_n_estimators=300_learning_rate=0.05_max_depth=3_subsample=0.8,32.30941960986383,25.970827156343613,20.328007419678155
avalanche rescue,gbr_n_estimators=200_learning_rate=0.05_max_depth=3_subsample=0.8,32.32902646479264,25.977396449234018,20.42847988584228
avalanche rescue,gbr_n_estimators=100_learning_rate=0.1_max_depth=3_subsample=0.8,32.362725052328926,28.055687297575837,23.657285957498296
avalanche rescue,gbr_n_estimators=200_learning_rate=0.1_max_depth=3_subsample=0.8,32.37409974063355,28.06944367771462,23.902321812250136
avalanche rescue,gbr_n_estimators=300_learning_rate=0.1_max_depth=3_subsample=0.8,32.37542949396399,28.070758921822602,23.9325739587203
avalanche rescue,elasticnet_alpha=0.5_l1_ratio=0.9,32.609491900553856,27.43000439254391,279.97630495875023
avalanche rescue,gbr_n_estimators=100_learning_rate=0.05_max_depth=3_subsample=0.8,32.90707252512968,26.591200139280645,36.49663418704452
avalanche rescue,gbr_n_estimators=300_learning_rate=0.01_max_depth=3_subsample=1.0,33.14572526721215,27.46957849127473,136.8696105468332
avalanche rescue,elasticnet_alpha=0.05_l1_ratio=0.1,33.212660338596486,28.285013868116273,307.9984393594457
avalanche rescue,gbr_n_estimators=200_learning_rate=0.2_max_depth=4_subsample=0.8,34.12321589479026,27.858125957577453,22.658363271182708
avalanche rescue,gbr_n_estimators=300_learning_rate=0.2_max_depth=4_subsample=0.8,34.123215940557415,27.858126033094656,22.658364760953855
avalanche rescue,gbr_n_estimators=100_learning_rate=0.2_max_depth=4_subsample=0.8,34.12325609640527,27.858206313728132,22.66025210603054
avalanche rescue,elasticnet_alpha=0.1_l1_ratio=0.5,34.179975332055456,28.927112014216693,312.9319984974954
avalanche rescue,extra_trees_n_estimators=100_max_depth=5_min_samples_leaf=1,34.466672434049684,28.654271991352882,39.72078742854879
avalanche rescue,extra_trees_n_estimators=300_max_depth=None_min_samples_leaf=1,34.68124085823724,29.35148148148148,26.574667837537074
avalanche rescue,extra_trees_n_estimators=300_max_depth=20_min_samples_leaf=1,34.68124085823724,29.35148148148148,26.574667837537074
avalanche rescue,bagging_n_estimators=50_max_samples=1.0_max_features=1.0,34.785104735467336,27.52444444444444,46.651629208091585
avalanche rescue,gbr_n_estimators=100_learning_rate=0.1_max_depth=5_subsample=1.0,34.80557158548421,28.743301138184442,18.31079273315051
avalanche rescue,gbr_n_estimators=300_learning_rate=0.1_max_depth=5_subsample=1.0,34.80558745301582,28.742495512254543,18.274513253050024
avalanche rescue,gbr_n_estimators=200_learning_rate=0.1_max_depth=5_subsample=1.0,34.80558745537385,28.742495538511395,18.274514130788894
avalanche rescue,extra_trees_n_estimators=200_max_depth=None_min_samples_leaf=1,34.80744137951919,29.409444444444446,26.00813048596251
avalanche rescue,extra_trees_n_estimators=200_max_depth=20_min_samples_leaf=1,34.80744137951919,29.409444444444446,26.00813048596251
avalanche rescue,extra_trees_n_estimators=100_max_depth=None_min_samples_leaf=1,34.86260047446279,29.54851851851852,28.94844647553942
avalanche rescue,extra_trees_n_estimators=100_max_depth=20_min_samples_leaf=1,34.86260047446279,29.54851851851852,28.94844647553942
avalanche rescue,extra_trees_n_estimators=300_max_depth=5_min_samples_leaf=1,35.076935637173186,29.766429498651025,35.093604297194105
avalanche rescue,gbr_n_estimators=100_learning_rate=0.05_max_depth=6_subsample=1.0,35.127789508364344,29.894082740111312,25.24600146303779
avalanche rescue,extra_trees_n_estimators=100_max_depth=10_min_samples_leaf=1,35.16117151065012,29.753240740740736,29.28488646723791
avalanche rescue,gbr_n_estimators=200_learning_rate=0.05_max_depth=6_subsample=1.0,35.16450415366013,29.73087539733642,16.908686971342078
avalanche rescue,gbr_n_estimators=300_learning_rate=0.05_max_depth=6_subsample=1.0,35.165465593665786,29.730814869885073,16.867175459682052
avalanche rescue,extra_trees_n_estimators=200_max_depth=5_min_samples_leaf=1,35.18756889509561,29.706225855947707,35.19720912204311
avalanche rescue,gbr_n_estimators=100_learning_rate=0.2_max_depth=5_subsample=0.8,35.310817557988756,30.829343011151966,24.968210752811178
avalanche rescue,gbr_n_estimators=200_learning_rate=0.2_max_depth=5_subsample=0.8,35.31085176203822,30.829377554888133,24.96883133559957
avalanche rescue,gbr_n_estimators=300_learning_rate=0.2_max_depth=5_subsample=0.8,35.31085176303232,30.82937755624577,24.96883132162981
avalanche rescue,extra_trees_n_estimators=300_max_depth=10_min_samples_leaf=1,35.393615126251504,30.08191005291005,26.88209677349137
avalanche rescue,extra_trees_n_estimators=200_max_depth=10_min_samples_leaf=1,35.432027075336606,30.137701940035267,26.369759807608784
avalanche rescue,gbr_n_estimators=100_learning_rate=0.1_max_depth=6_subsample=1.0,35.46241300308679,29.577695729504892,17.136541223266907
avalanche rescue,gbr_n_estimators=200_learning_rate=0.1_max_depth=6_subsample=1.0,35.46300193555394,29.577640151353226,17.104804895479422
avalanche rescue,gbr_n_estimators=300_learning_rate=0.1_max_depth=6_subsample=1.0,35.46300194035313,29.577640140205613,17.104804118735654
avalanche rescue,random_forest_n_estimators=100_max_depth=None_min_samples_leaf=1,35.49522861332722,27.760370370370374,59.290056040542126
avalanche rescue,random_forest_n_estimators=100_max_depth=10_min_samples_leaf=1,35.49522861332722,27.760370370370374,59.290056040542126
avalanche rescue,random_forest_n_estimators=100_max_depth=20_min_samples_leaf=1,35.49522861332722,27.760370370370374,59.290056040542126
avalanche rescue,gbr_n_estimators=100_learning_rate=0.2_max_depth=5_subsample=1.0,35.911477923573244,30.581814909967225,16.553742455037835
avalanche rescue,gbr_n_estimators=200_learning_rate=0.2_max_depth=5_subsample=1.0,35.91147794228071,30.581814951807342,16.553742993361464
avalanche rescue,gbr_n_estimators=300_learning_rate=0.2_max_depth=5_subsample=1.0,35.91147794228071,30.581814951807342,16.553742993361496
avalanche rescue,bagging_n_estimators=25_max_samples=1.0_max_features=1.0,35.92022005903826,28.555555555555557,50.677628128763295
avalanche rescue,bagging_n_estimators=25_max_samples=0.9_max_features=1.0,36.21637023475113,28.18666666666667,83.5562069317125
avalanche rescue,gbr_n_estimators=300_learning_rate=0.01_max_depth=6_subsample=0.8,36.25115145597302,29.886994354970525,127.45911914520629
avalanche rescue,random_forest_n_estimators=200_max_depth=None_min_samples_leaf=1,36.2833633158157,28.364629629629626,59.3614478552792
avalanche rescue,random_forest_n_estimators=200_max_depth=10_min_samples_leaf=1,36.2833633158157,28.364629629629626,59.3614478552792
avalanche rescue,random_forest_n_estimators=200_max_depth=20_min_samples_leaf=1,36.2833633158157,28.364629629629626,59.3614478552792
avalanche rescue,gbr_n_estimators=100_learning_rate=0.2_max_depth=6_subsample=1.0,36.506885143592356,30.448089681671345,19.06134073420894
avalanche rescue,gbr_n_estimators=300_learning_rate=0.2_max_depth=6_subsample=1.0,36.50688514381203,30.44808968324442,19.061340535457237
avalanche rescue,gbr_n_estimators=200_learning_rate=0.2_max_depth=6_subsample=1.0,36.50688514381203,30.44808968324442,19.06134053545728
avalanche rescue,gbr_n_estimators=300_learning_rate=0.01_max_depth=3_subsample=0.8,36.836241110498825,30.772460733025266,146.8599746648771
avalanche rescue,gbr_n_estimators=300_learning_rate=0.01_max_depth=5_subsample=0.8,36.8506923279398,31.30821305923139,133.06211898143636
avalanche rescue,bagging_n_estimators=10_max_samples=0.9_max_features=1.0,37.038276733290274,32.55555555555556,146.13887419129577
avalanche rescue,random_forest_n_estimators=300_max_depth=None_min_samples_leaf=1,37.17256176989,29.11333333333333,60.29366288344605
avalanche rescue,random_forest_n_estimators=300_max_depth=10_min_samples_leaf=1,37.17256176989,29.11333333333333,60.29366288344605
avalanche rescue,random_forest_n_estimators=300_max_depth=20_min_samples_leaf=1,37.17256176989,29.11333333333333,60.29366288344605
avalanche rescue,bagging_n_estimators=50_max_samples=1.0_max_features=0.9,37.19891060696271,28.62222222222222,52.46190626031613
avalanche rescue,gbr_n_estimators=300_learning_rate=0.01_max_depth=4_subsample=0.8,37.50909029050829,30.566392457280156,141.01446012138928
avalanche rescue,random_forest_n_estimators=100_max_depth=5_min_samples_leaf=1,37.689550656804414,29.489953052363994,61.78630882784833
avalanche rescue,elasticnet_alpha=0.1_l1_ratio=0.3,37.84532511925676,31.652484175648322,341.8121313467585
avalanche rescue,random_forest_n_estimators=200_max_depth=5_min_samples_leaf=1,38.212509871078886,29.649855723116755,61.70884657075308
avalanche rescue,bagging_n_estimators=10_max_samples=1.0_max_features=1.0,38.30629570131475,32.78888888888889,69.71695025112567
avalanche rescue,random_forest_n_estimators=300_max_depth=5_min_samples_leaf=1,38.64431093328038,30.51927759658271,62.732915385809946
avalanche rescue,hgb_max_iter=400_learning_rate=0.01_max_depth=6_min_samples_leaf=5,38.66076318883729,28.608233042747706,100.78299362613345
avalanche rescue,hgb_max_iter=400_learning_rate=0.01_max_depth=3_min_samples_leaf=5,38.68201256227161,28.77189239925279,107.73263386315996
avalanche rescue,hgb_max_iter=400_learning_rate=0.01_max_depth=4_min_samples_leaf=5,38.717908856864675,28.67366974703295,99.54447919049264
avalanche rescue,gbr_n_estimators=200_learning_rate=0.05_max_depth=5_subsample=1.0,39.08894939776932,33.22367500811878,17.52800437276144
avalanche rescue,gbr_n_estimators=300_learning_rate=0.05_max_depth=5_subsample=1.0,39.08929904036,33.22292150253987,17.480852950772523
avalanche rescue,gbr_n_estimators=100_learning_rate=0.05_max_depth=5_subsample=1.0,39.21724754869077,33.57274389317601,27.869175004763942
avalanche rescue,bagging_n_estimators=50_max_samples=0.9_max_features=1.0,39.50369072823114,31.900740740740744,97.85122261263557
avalanche rescue,hgb_max_iter=100_learning_rate=0.05_max_depth=3_min_samples_leaf=5,40.029737278158336,30.497704685590893,107.64548047066239
avalanche rescue,hgb_max_iter=100_learning_rate=0.05_max_depth=4_min_samples_leaf=5,40.244373106177584,30.211382627269554,102.74190641888694
avalanche rescue,bagging_n_estimators=25_max_samples=1.0_max_features=0.9,40.317210507870584,33.27407407407408,35.99922633298369
avalanche rescue,gbr_n_estimators=200_learning_rate=0.2_max_depth=3_subsample=0.8,40.417092808268755,35.30729967124933,26.055291846705163
avalanche rescue,gbr_n_estimators=300_learning_rate=0.2_max_depth=3_subsample=0.8,40.417094601855446,35.30729651311103,26.05523118877512
avalanche rescue,gbr_n_estimators=100_learning_rate=0.2_max_depth=3_subsample=0.8,40.41879397928217,35.308931978706,26.090027382864285
avalanche rescue,elasticnet_alpha=0.1_l1_ratio=0.1,40.660565610968035,33.887906202701494,363.20336439585094
avalanche rescue,gbr_n_estimators=300_learning_rate=0.01_max_depth=5_subsample=1.0,40.7808675003859,35.93346030776695,127.27732915258457
avalanche rescue,hgb_max_iter=100_learning_rate=0.05_max_depth=6_min_samples_leaf=5,40.81880862979207,30.829599959341465,107.81724375797218
avalanche rescue,random_forest_n_estimators=100_max_depth=5_min_samples_leaf=3,41.58149537278761,32.08037247115027,64.14647384123487
avalanche rescue,random_forest_n_estimators=100_max_depth=None_min_samples_leaf=3,41.63784477419469,32.06205356783135,64.00747609447598
avalanche rescue,random_forest_n_estimators=100_max_depth=20_min_samples_leaf=3,41.637844774194704,32.06205356783136,64.00747609447598
avalanche rescue,random_forest_n_estimators=100_max_depth=10_min_samples_leaf=3,41.63784477419471,32.06205356783137,64.00747609447598
avalanche rescue,gbr_n_estimators=100_learning_rate=0.1_max_depth=4_subsample=1.0,42.06976300093478,35.3634658560745,15.682524203500643
avalanche rescue,gbr_n_estimators=200_learning_rate=0.1_max_depth=4_subsample=1.0,42.07028877689151,35.363995305106144,15.650109411397482
avalanche rescue,gbr_n_estimators=300_learning_rate=0.1_max_depth=4_subsample=1.0,42.07028936528433,35.363995806120805,15.650132181110195
avalanche rescue,gbr_n_estimators=300_learning_rate=0.01_max_depth=6_subsample=1.0,42.31638231153867,37.40315120532528,121.38248140315581
avalanche rescue,extra_trees_n_estimators=100_max_depth=10_min_samples_leaf=3,43.1773531818629,36.863351851851846,58.488208379460815
avalanche rescue,extra_trees_n_estimators=100_max_depth=None_min_samples_leaf=3,43.177353181862905,36.863351851851846,58.488208379460815
avalanche rescue,extra_trees_n_estimators=100_max_depth=20_min_samples_leaf=3,43.177353181862905,36.86335185185185,58.488208379460815
avalanche rescue,bagging_n_estimators=50_max_samples=1.0_max_features=0.7,43.3219105300925,36.63555555555556,104.24507006056506
avalanche rescue,gbr_n_estimators=200_learning_rate=0.05_max_depth=4_subsample=1.0,44.099762463570215,36.76565669402848,17.24293788398326
avalanche rescue,gbr_n_estimators=300_learning_rate=0.05_max_depth=4_subsample=1.0,44.10017243075768,36.766199138077674,17.203161043481728
avalanche rescue,gbr_n_estimators=100_learning_rate=0.2_max_depth=4_subsample=1.0,44.10760562325918,36.94854119699087,18.921656285637724
avalanche rescue,gbr_n_estimators=200_learning_rate=0.2_max_depth=4_subsample=1.0,44.10761513463864,36.94854057490793,18.92150167139708
avalanche rescue,gbr_n_estimators=300_learning_rate=0.2_max_depth=4_subsample=1.0,44.10761513554711,36.94854057379127,18.92150165836385
avalanche rescue,gbr_n_estimators=100_learning_rate=0.05_max_depth=4_subsample=1.0,44.14565246448019,36.98471773340079,28.38621702179647
avalanche rescue,random_forest_n_estimators=200_max_depth=5_min_samples_leaf=3,44.46670437890102,34.79576470957029,69.64833247422432
avalanche rescue,random_forest_n_estimators=200_max_depth=10_min_samples_leaf=3,44.51237528506278,34.757387839012864,69.53544786336155
avalanche rescue,random_forest_n_estimators=200_max_depth=None_min_samples_leaf=3,44.51237528506278,34.757387839012864,69.53544786336157
avalanche rescue,random_forest_n_estimators=200_max_depth=20_min_samples_leaf=3,44.51237528506279,34.75738783901287,69.53544786336155
avalanche rescue,extra_trees_n_estimators=300_max_depth=None_min_samples_leaf=3,44.720687561274474,38.30605967078201,60.116680014705395
avalanche rescue,extra_trees_n_estimators=300_max_depth=10_min_samples_leaf=3,44.720687561274474,38.30605967078201,60.116680014705395
avalanche rescue,extra_trees_n_estimators=300_max_depth=20_min_samples_leaf=3,44.72068756127448,38.30605967078202,60.116680014705395
avalanche rescue,random_forest_n_estimators=300_max_depth=5_min_samples_leaf=3,44.72167335236546,34.93403095772546,67.99982326990703
avalanche rescue,random_forest_n_estimators=300_max_depth=None_min_samples_leaf=3,44.75023964407018,34.8244900860457,67.90248183109621
avalanche rescue,random_forest_n_estimators=300_max_depth=10_min_samples_leaf=3,44.75023964407018,34.8244900860457,67.90248183109622
avalanche rescue,random_forest_n_estimators=300_max_depth=20_min_samples_leaf=3,44.75023964407018,34.8244900860457,67.90248183109622
avalanche rescue,extra_trees_n_estimators=200_max_depth=20_min_samples_leaf=3,44.788377397568695,38.21545679012349,60.582841399269995
avalanche rescue,extra_trees_n_estimators=200_max_depth=None_min_samples_leaf=3,44.788377397568716,38.215456790123504,60.582841399269995
avalanche rescue,extra_trees_n_estimators=200_max_depth=10_min_samples_leaf=3,44.78837739756872,38.215456790123504,60.582841399269995
avalanche rescue,extra_trees_n_estimators=300_max_depth=5_min_samples_leaf=3,45.48864482560204,39.106569196236,61.71825765373093
avalanche rescue,extra_trees_n_estimators=100_max_depth=5_min_samples_leaf=3,45.60686045348312,39.65721164432276,62.50550988439198
avalanche rescue,bagging_n_estimators=50_max_samples=0.9_max_features=0.7,45.758158292723834,38.13629629629629,140.0943027962768
avalanche rescue,gbr_n_estimators=300_learning_rate=0.01_max_depth=4_subsample=1.0,46.00444079096663,40.929593659219634,128.91208935728002
avalanche rescue,extra_trees_n_estimators=200_max_depth=5_min_samples_leaf=3,46.24438537072021,39.986499941930575,62.26674292564136
avalanche rescue,elasticnet_alpha=0.5_l1_ratio=0.7,46.36490360876153,38.1219583701935,392.8585536684201
avalanche rescue,hgb_max_iter=100_learning_rate=0.1_max_depth=4_min_samples_leaf=5,46.61287905713145,36.44402209540894,136.13989407801967
avalanche rescue,hgb_max_iter=100_learning_rate=0.1_max_depth=3_min_samples_leaf=5,46.81171176897923,36.658525129926325,120.87427757985931
avalanche rescue,hgb_max_iter=200_learning_rate=0.05_max_depth=3_min_samples_leaf=5,46.831855072205116,36.608587179773444,132.5273569358343
avalanche rescue,bagging_n_estimators=50_max_samples=0.9_max_features=0.9,46.838252308313,37.919999999999995,111.75163995143285
avalanche rescue,hgb_max_iter=100_learning_rate=0.1_max_depth=6_min_samples_leaf=5,47.10966144187996,37.3131637563367,141.68009784099743
avalanche rescue,hgb_max_iter=200_learning_rate=0.05_max_depth=4_min_samples_leaf=5,47.31291930668631,36.813660543267616,132.2892033019732
avalanche rescue,hgb_max_iter=200_learning_rate=0.05_max_depth=6_min_samples_leaf=5,47.881655541328946,37.30163472688505,136.23514360825337
avalanche rescue,bagging_n_estimators=25_max_samples=1.0_max_features=0.7,48.155114382126,44.014814814814805,153.4121789760021
avalanche rescue,hgb_max_iter=200_learning_rate=0.1_max_depth=3_min_samples_leaf=5,49.226978126777595,38.84332400807546,135.8056193221263
avalanche rescue,hgb_max_iter=400_learning_rate=0.05_max_depth=3_min_samples_leaf=5,49.52811508059742,39.01892088529286,146.6140137360588
avalanche rescue,gbr_n_estimators=200_learning_rate=0.01_max_depth=3_subsample=1.0,49.689153569256135,43.41492104761306,345.7734910941967
avalanche rescue,hgb_max_iter=400_learning_rate=0.1_max_depth=3_min_samples_leaf=5,49.868997587057564,39.603958151810176,142.94564926739358
avalanche rescue,hgb_max_iter=200_learning_rate=0.1_max_depth=4_min_samples_leaf=5,50.19974874103507,39.40770195491464,162.7381618699337
avalanche rescue,bagging_n_estimators=25_max_samples=0.9_max_features=0.9,50.526887601567566,41.912592592592596,94.19326540538775
avalanche rescue,hgb_max_iter=100_learning_rate=0.2_max_depth=6_min_samples_leaf=5,50.910375332997106,40.58209855483908,175.71463253227523
avalanche rescue,hgb_max_iter=200_learning_rate=0.1_max_depth=6_min_samples_leaf=5,50.91309741510838,40.43142475868922,167.26643518389108
avalanche rescue,bagging_n_estimators=10_max_samples=1.0_max_features=0.9,50.980222860897214,40.41851851851852,45.92707455419377
avalanche rescue,bagging_n_estimators=50_max_samples=0.7_max_features=0.9,51.18609087843119,38.7437037037037,158.52350263672673
avalanche rescue,bagging_n_estimators=50_max_samples=0.7_max_features=0.7,51.41553046769284,40.03037037037037,171.53978293728858
avalanche rescue,hgb_max_iter=400_learning_rate=0.05_max_depth=4_min_samples_leaf=5,51.4478483019266,40.313719017744155,162.20378240282923
avalanche rescue,hgb_max_iter=400_learning_rate=0.1_max_depth=4_min_samples_leaf=5,51.560179272243424,40.48076807439714,170.57090114505223
avalanche rescue,bagging_n_estimators=10_max_samples=1.0_max_features=0.7,51.65829445774221,43.95185185185185,60.99002091439667
avalanche rescue,hgb_max_iter=200_learning_rate=0.2_max_depth=6_min_samples_leaf=5,51.71295335973744,41.252880182744335,180.80299867073884
avalanche rescue,hgb_max_iter=400_learning_rate=0.2_max_depth=6_min_samples_leaf=5,51.74108105741461,41.27053666676607,180.58755383403988
avalanche rescue,hgb_max_iter=100_learning_rate=0.2_max_depth=3_min_samples_leaf=5,51.906066922936944,43.12670047105784,184.56406585993477
avalanche rescue,hgb_max_iter=400_learning_rate=0.1_max_depth=6_min_samples_leaf=5,52.24162043187362,41.47063423087834,174.3966289888219
avalanche rescue,hgb_max_iter=400_learning_rate=0.05_max_depth=6_min_samples_leaf=5,52.27556912990258,40.98359290352883,165.9281348163166
avalanche rescue,gbr_n_estimators=200_learning_rate=0.01_max_depth=6_subsample=0.8,52.55595926196429,45.92229230275014,326.9152342505965
avalanche rescue,hgb_max_iter=100_learning_rate=0.2_max_depth=4_min_samples_leaf=5,52.77169640682458,42.152813143815116,185.14053188255673
avalanche rescue,bagging_n_estimators=25_max_samples=0.7_max_features=0.9,52.86261601910533,41.37333333333333,100.57421117176133
avalanche rescue,elasticnet_alpha=0.5_l1_ratio=0.5,52.868184248286504,41.90186917221525,443.17651458231586
avalanche rescue,hgb_max_iter=200_learning_rate=0.2_max_depth=3_min_samples_leaf=5,52.89948846619394,43.94156012492364,189.09855899314059
avalanche rescue,hgb_max_iter=400_learning_rate=0.2_max_depth=3_min_samples_leaf=5,52.9407888934638,43.970870196012,188.82181548722883
avalanche rescue,gbr_n_estimators=200_learning_rate=0.01_max_depth=5_subsample=0.8,53.01012611909924,46.99266636854737,332.4585568086794
avalanche rescue,gbr_n_estimators=200_learning_rate=0.01_max_depth=3_subsample=0.8,53.21288983286675,45.07893204654951,356.530618799218
avalanche rescue,gbr_n_estimators=200_learning_rate=0.01_max_depth=4_subsample=0.8,53.49870826873727,46.57288391508446,341.6223492617948
avalanche rescue,hgb_max_iter=200_learning_rate=0.2_max_depth=4_min_samples_leaf=5,53.578018443871514,42.862431445038794,188.93551870332647
avalanche rescue,hgb_max_iter=400_learning_rate=0.2_max_depth=4_min_samples_leaf=5,53.61816015565837,42.890511275406176,188.93019532976172
avalanche rescue,hgb_max_iter=200_learning_rate=0.01_max_depth=4_min_samples_leaf=5,54.33432573761477,45.62501322671096,357.38050720253625
avalanche rescue,hgb_max_iter=200_learning_rate=0.01_max_depth=3_min_samples_leaf=5,54.45743383542291,45.7286061592782,364.7285833894641
avalanche rescue,hgb_max_iter=200_learning_rate=0.01_max_depth=6_min_samples_leaf=5,54.46997452086768,45.74340720984554,359.3402671504929
avalanche rescue,bagging_n_estimators=25_max_samples=0.7_max_features=1.0,54.830731697701694,45.937777777777775,159.102118434702
avalanche rescue,bagging_n_estimators=25_max_samples=0.9_max_features=0.7,55.50520845701501,48.58814814814814,223.64677871741858
avalanche rescue,gbr_n_estimators=200_learning_rate=0.01_max_depth=5_subsample=1.0,56.556503420451754,50.44308314295979,325.5988796156991
avalanche rescue,bagging_n_estimators=25_max_samples=0.7_max_features=0.7,56.64784893847743,46.3362962962963,192.48511882698838
avalanche rescue,gbr_n_estimators=200_learning_rate=0.01_max_depth=6_subsample=1.0,56.995782075337374,51.8415495013633,319.4452915052227
avalanche rescue,gbr_n_estimators=200_learning_rate=0.01_max_depth=4_subsample=1.0,57.028940503442755,52.19285957834974,327.98646027789755
avalanche rescue,bagging_n_estimators=50_max_samples=0.7_max_features=1.0,57.06908663689665,46.734814814814825,159.61932770245105
avalanche rescue,ridge_alpha=10.0,57.23950429455869,46.36212637020234,473.95547218416635
avalanche rescue,elasticnet_alpha=0.5_l1_ratio=0.3,57.98434063276121,46.428458703249404,481.88643500646606
avalanche rescue,bagging_n_estimators=10_max_samples=0.9_max_features=0.9,59.66985034953815,50.18888888888888,177.9540999078568
avalanche rescue,bagging_n_estimators=10_max_samples=0.9_max_features=0.7,60.944621722836246,50.762962962962966,223.6817684560825
avalanche rescue,elasticnet_alpha=0.5_l1_ratio=0.1,62.32290456258823,50.671301252649904,511.6171473474749
avalanche rescue,bagging_n_estimators=10_max_samples=0.7_max_features=1.0,62.429503924483846,54.3962962962963,296.658443494365
avalanche rescue,bagging_n_estimators=10_max_samples=0.7_max_features=0.7,69.82797764254232,57.39629629629629,222.45770373458708
avalanche rescue,hgb_max_iter=200_learning_rate=0.1_max_depth=3_min_samples_leaf=10,70.13211190828714,61.344010978443485,352.26185726687123
avalanche rescue,hgb_max_iter=200_learning_rate=0.1_max_depth=4_min_samples_leaf=10,70.13211190828714,61.344010978443485,352.26185726687123
avalanche rescue,hgb_max_iter=200_learning_rate=0.1_max_depth=6_min_samples_leaf=10,70.13211190828714,61.344010978443485,352.26185726687123
avalanche rescue,random_forest_n_estimators=100_max_depth=None_min_samples_leaf=5,70.54493626856139,57.704508903283454,128.5064420481468
avalanche rescue,random_forest_n_estimators=100_max_depth=10_min_samples_leaf=5,70.54493626856139,57.704508903283454,128.5064420481468
avalanche rescue,random_forest_n_estimators=100_max_depth=20_min_samples_leaf=5,70.54493626856139,57.704508903283454,128.5064420481468
avalanche rescue,random_forest_n_estimators=100_max_depth=5_min_samples_leaf=5,70.5449362685614,57.70450890328347,128.5064420481468
avalanche rescue,hgb_max_iter=400_learning_rate=0.05_max_depth=3_min_samples_leaf=10,71.55506473899065,62.48564838239094,350.1004515008541
avalanche rescue,hgb_max_iter=400_learning_rate=0.05_max_depth=4_min_samples_leaf=10,71.55506473899065,62.48564838239094,350.1004515008541
avalanche rescue,hgb_max_iter=400_learning_rate=0.05_max_depth=6_min_samples_leaf=10,71.55506473899065,62.48564838239094,350.1004515008541
avalanche rescue,hgb_max_iter=400_learning_rate=0.1_max_depth=3_min_samples_leaf=10,71.75843455702878,64.43844159688581,378.1074198444705
avalanche rescue,hgb_max_iter=400_learning_rate=0.1_max_depth=4_min_samples_leaf=10,71.75843455702878,64.43844159688581,378.1074198444705
avalanche rescue,hgb_max_iter=400_learning_rate=0.1_max_depth=6_min_samples_leaf=10,71.75843455702878,64.43844159688581,378.1074198444705
avalanche rescue,bagging_n_estimators=10_max_samples=0.7_max_features=0.9,72.0646579228995,57.24814814814814,181.25919859844888
avalanche rescue,hgb_max_iter=100_learning_rate=0.1_max_depth=3_min_samples_leaf=10,72.48135518826902,61.387804151822785,332.8277095657955
avalanche rescue,hgb_max_iter=100_learning_rate=0.1_max_depth=4_min_samples_leaf=10,72.48135518826902,61.387804151822785,332.8277095657955
avalanche rescue,hgb_max_iter=100_learning_rate=0.1_max_depth=6_min_samples_leaf=10,72.48135518826902,61.387804151822785,332.8277095657955
avalanche rescue,hgb_max_iter=100_learning_rate=0.2_max_depth=3_min_samples_leaf=10,72.73024794801151,62.90324579173331,350.0221016719239
avalanche rescue,hgb_max_iter=100_learning_rate=0.2_max_depth=4_min_samples_leaf=10,72.73024794801151,62.90324579173331,350.0221016719239
avalanche rescue,hgb_max_iter=100_learning_rate=0.2_max_depth=6_min_samples_leaf=10,72.73024794801151,62.90324579173331,350.0221016719239
avalanche rescue,random_forest_n_estimators=200_max_depth=20_min_samples_leaf=5,72.81265528424905,60.167998547392976,154.4399824333987
avalanche rescue,random_forest_n_estimators=200_max_depth=5_min_samples_leaf=5,72.81265528424905,60.16799854739299,154.4399824333987
avalanche rescue,random_forest_n_estimators=200_max_depth=10_min_samples_leaf=5,72.81265528424906,60.167998547392976,154.4399824333987
avalanche rescue,random_forest_n_estimators=200_max_depth=None_min_samples_leaf=5,72.81265528424906,60.16799854739299,154.4399824333987
avalanche rescue,hgb_max_iter=200_learning_rate=0.2_max_depth=3_min_samples_leaf=10,73.06328861950492,64.20553700698684,361.78867001383315
avalanche rescue,hgb_max_iter=200_learning_rate=0.2_max_depth=4_min_samples_leaf=10,73.06328861950492,64.20553700698684,361.78867001383315
avalanche rescue,hgb_max_iter=200_learning_rate=0.2_max_depth=6_min_samples_leaf=10,73.06328861950492,64.20553700698684,361.78867001383315
avalanche rescue,random_forest_n_estimators=300_max_depth=None_min_samples_leaf=5,73.23488660503527,60.01934993771673,157.89719637460723
avalanche rescue,random_forest_n_estimators=300_max_depth=20_min_samples_leaf=5,73.23488660503527,60.01934993771673,157.89719637460723
avalanche rescue,random_forest_n_estimators=300_max_depth=5_min_samples_leaf=5,73.23488660503527,60.01934993771675,157.89719637460723
avalanche rescue,random_forest_n_estimators=300_max_depth=10_min_samples_leaf=5,73.23488660503527,60.01934993771675,157.89719637460723
avalanche rescue,hgb_max_iter=400_learning_rate=0.2_max_depth=3_min_samples_leaf=10,73.32624827032343,65.36719778989443,372.7258714447528
avalanche rescue,hgb_max_iter=400_learning_rate=0.2_max_depth=4_min_samples_leaf=10,73.32624827032343,65.36719778989443,372.7258714447528
avalanche rescue,hgb_max_iter=400_learning_rate=0.2_max_depth=6_min_samples_leaf=10,73.32624827032343,65.36719778989443,372.7258714447528
avalanche rescue,hgb_max_iter=200_learning_rate=0.05_max_depth=3_min_samples_leaf=10,73.73552998092038,62.789039204958584,340.53955750908625
avalanche rescue,hgb_max_iter=200_learning_rate=0.05_max_depth=4_min_samples_leaf=10,73.73552998092038,62.789039204958584,340.53955750908625
avalanche rescue,hgb_max_iter=200_learning_rate=0.05_max_depth=6_min_samples_leaf=10,73.73552998092038,62.789039204958584,340.53955750908625
avalanche rescue,hgb_max_iter=400_learning_rate=0.01_max_depth=3_min_samples_leaf=10,74.43871536389861,61.173582652350746,321.4797826414043
avalanche rescue,hgb_max_iter=400_learning_rate=0.01_max_depth=4_min_samples_leaf=10,74.43871536389861,61.173582652350746,321.4797826414043
avalanche rescue,hgb_max_iter=400_learning_rate=0.01_max_depth=6_min_samples_leaf=10,74.43871536389861,61.173582652350746,321.4797826414043
avalanche rescue,hgb_max_iter=100_learning_rate=0.05_max_depth=3_min_samples_leaf=10,76.08257372997224,63.97592897613208,335.53286396042176
avalanche rescue,hgb_max_iter=100_learning_rate=0.05_max_depth=4_min_samples_leaf=10,76.08257372997224,63.97592897613208,335.53286396042176
avalanche rescue,hgb_max_iter=100_learning_rate=0.05_max_depth=6_min_samples_leaf=10,76.08257372997224,63.97592897613208,335.53286396042176
avalanche rescue,hgb_max_iter=200_learning_rate=0.01_max_depth=3_min_samples_leaf=10,79.29386441829219,68.00908811859577,464.7304083830982
avalanche rescue,hgb_max_iter=200_learning_rate=0.01_max_depth=4_min_samples_leaf=10,79.29386441829219,68.00908811859577,464.7304083830982
avalanche rescue,hgb_max_iter=200_learning_rate=0.01_max_depth=6_min_samples_leaf=10,79.29386441829219,68.00908811859577,464.7304083830982
avalanche rescue,extra_trees_n_estimators=300_max_depth=20_min_samples_leaf=5,79.40387772177691,70.66848385530794,289.6852724046901
avalanche rescue,extra_trees_n_estimators=300_max_depth=None_min_samples_leaf=5,79.40387772177692,70.66848385530794,289.68527240469007
avalanche rescue,extra_trees_n_estimators=300_max_depth=10_min_samples_leaf=5,79.40387772177692,70.66848385530794,289.68527240469007
avalanche rescue,extra_trees_n_estimators=300_max_depth=5_min_samples_leaf=5,79.43957312140554,70.7008633379652,289.6897057041688
avalanche rescue,extra_trees_n_estimators=200_max_depth=10_min_samples_leaf=5,79.61614742274325,70.87613679119234,298.6489301950329
avalanche rescue,extra_trees_n_estimators=200_max_depth=None_min_samples_leaf=5,79.61614742274325,70.87613679119234,298.64893019503296
avalanche rescue,extra_trees_n_estimators=200_max_depth=20_min_samples_leaf=5,79.61614742274325,70.87613679119234,298.64893019503296
avalanche rescue,extra_trees_n_estimators=200_max_depth=5_min_samples_leaf=5,79.67141526609848,70.92470601517823,298.6555801442511
avalanche rescue,extra_trees_n_estimators=100_max_depth=None_min_samples_leaf=5,81.05404894072313,72.3549757094757,302.70945272522476
avalanche rescue,extra_trees_n_estimators=100_max_depth=10_min_samples_leaf=5,81.05404894072313,72.3549757094757,302.70945272522476
avalanche rescue,extra_trees_n_estimators=100_max_depth=20_min_samples_leaf=5,81.05404894072313,72.3549757094757,302.70945272522476
avalanche rescue,extra_trees_n_estimators=100_max_depth=5_min_samples_leaf=5,81.16754246168348,72.45211415744748,302.72275262366105
avalanche rescue,ridge_alpha=50.0,101.17621560838694,89.78992317023466,805.0224136735537
avalanche rescue,gbr_n_estimators=100_learning_rate=0.01_max_depth=3_subsample=1.0,111.13573305156514,101.96646390812131,894.1912459744842
avalanche rescue,gbr_n_estimators=100_learning_rate=0.01_max_depth=4_subsample=1.0,111.51325298250623,102.25786113513159,874.970757686606
avalanche rescue,gbr_n_estimators=100_learning_rate=0.01_max_depth=3_subsample=0.8,111.55552470603014,99.69432381540312,903.6206475540483
avalanche rescue,gbr_n_estimators=100_learning_rate=0.01_max_depth=6_subsample=0.8,111.81753656575748,99.71040551878814,874.4196479368641
avalanche rescue,gbr_n_estimators=100_learning_rate=0.01_max_depth=5_subsample=0.8,111.93240254311318,100.15584278226702,879.0458083847906
avalanche rescue,gbr_n_estimators=100_learning_rate=0.01_max_depth=4_subsample=0.8,112.23765695514295,99.98886754415204,885.6768555248864
avalanche rescue,gbr_n_estimators=100_learning_rate=0.01_max_depth=6_subsample=1.0,113.25865113387451,101.6427514380723,866.4234511287536
avalanche rescue,gbr_n_estimators=100_learning_rate=0.01_max_depth=5_subsample=1.0,114.19103398740405,101.5941611015501,872.2345887068199
avalanche rescue,hgb_max_iter=100_learning_rate=0.01_max_depth=4_min_samples_leaf=5,116.40455783558026,103.64974947608809,901.8592409672815
avalanche rescue,hgb_max_iter=100_learning_rate=0.01_max_depth=3_min_samples_leaf=5,116.42076674184617,103.74374936633522,908.8080721637078
avalanche rescue,hgb_max_iter=100_learning_rate=0.01_max_depth=6_min_samples_leaf=5,116.46539937898405,103.71049762626538,902.8814103904418
avalanche rescue,hgb_max_iter=100_learning_rate=0.01_max_depth=3_min_samples_leaf=10,126.97640201602596,110.3230084102241,942.6987957095678
avalanche rescue,hgb_max_iter=100_learning_rate=0.01_max_depth=4_min_samples_leaf=10,126.97640201602596,110.3230084102241,942.6987957095678
avalanche rescue,hgb_max_iter=100_learning_rate=0.01_max_depth=6_min_samples_leaf=10,126.97640201602596,110.3230084102241,942.6987957095678
avalanche rescue,ridge_alpha=100.0,135.35914055944457,121.91260528280678,1068.6657224519975
avalanche rescue,svr_C=50.0_epsilon=1.0_gamma=auto,181.99286268731896,164.23104868225198,774.8932542079134
avalanche rescue,svr_C=50.0_epsilon=0.5_gamma=auto,182.1311810344043,164.38888830154735,775.5428253911412
avalanche rescue,svr_C=50.0_epsilon=0.1_gamma=auto,182.2304130605674,164.50286936438522,776.0606549709305
avalanche rescue,svr_C=50.0_epsilon=0.01_gamma=auto,182.25111608116742,164.52676492290436,776.1765892725093
avalanche rescue,svr_C=50.0_epsilon=1.0_gamma=scale,185.90365017191053,168.02975873394706,818.9729555079089
avalanche rescue,svr_C=50.0_epsilon=0.5_gamma=scale,186.03960893363725,168.15715416455515,819.6521766505404
avalanche rescue,svr_C=50.0_epsilon=0.1_gamma=scale,186.14809967521035,168.2589732826205,820.1974503902461
avalanche rescue,svr_C=50.0_epsilon=0.01_gamma=scale,186.17126848385521,168.28079692904942,820.3138117956743
avalanche rescue,hgb_max_iter=100_learning_rate=0.1_max_depth=3_min_samples_leaf=20,228.72899616321877,207.5301927356456,1462.3161534399896
avalanche rescue,hgb_max_iter=100_learning_rate=0.1_max_depth=4_min_samples_leaf=20,228.72899616321877,207.5301927356456,1462.3161534399896
avalanche rescue,hgb_max_iter=100_learning_rate=0.1_max_depth=6_min_samples_leaf=20,228.72899616321877,207.5301927356456,1462.3161534399896
avalanche rescue,hgb_max_iter=200_learning_rate=0.05_max_depth=3_min_samples_leaf=20,229.51412011434903,208.09884558218738,1463.2317296102335
avalanche rescue,hgb_max_iter=200_learning_rate=0.05_max_depth=4_min_samples_leaf=20,229.51412011434903,208.09884558218738,1463.2317296102335
avalanche rescue,hgb_max_iter=200_learning_rate=0.05_max_depth=6_min_samples_leaf=20,229.51412011434903,208.09884558218738,1463.2317296102335
avalanche rescue,hgb_max_iter=100_learning_rate=0.05_max_depth=3_min_samples_leaf=20,230.34149287837948,210.39339592738267,1485.9400566439674
avalanche rescue,hgb_max_iter=100_learning_rate=0.05_max_depth=4_min_samples_leaf=20,230.34149287837948,210.39339592738267,1485.9400566439674
avalanche rescue,hgb_max_iter=100_learning_rate=0.05_max_depth=6_min_samples_leaf=20,230.34149287837948,210.39339592738267,1485.9400566439674
avalanche rescue,hgb_max_iter=200_learning_rate=0.1_max_depth=3_min_samples_leaf=20,230.3463121855019,208.2876339052475,1457.8109059305089
avalanche rescue,hgb_max_iter=200_learning_rate=0.1_max_depth=4_min_samples_leaf=20,230.3463121855019,208.2876339052475,1457.8109059305089
avalanche rescue,hgb_max_iter=200_learning_rate=0.1_max_depth=6_min_samples_leaf=20,230.3463121855019,208.2876339052475,1457.8109059305089
avalanche rescue,hgb_max_iter=400_learning_rate=0.01_max_depth=3_min_samples_leaf=20,230.41471737242904,211.5347527480659,1494.3137166783843
avalanche rescue,hgb_max_iter=400_learning_rate=0.01_max_depth=4_min_samples_leaf=20,230.41471737242904,211.5347527480659,1494.3137166783843
avalanche rescue,hgb_max_iter=400_learning_rate=0.01_max_depth=6_min_samples_leaf=20,230.41471737242904,211.5347527480659,1494.3137166783843
avalanche rescue,hgb_max_iter=400_learning_rate=0.05_max_depth=3_min_samples_leaf=20,231.38309883717668,208.9462805594709,1459.3412674109027
avalanche rescue,hgb_max_iter=400_learning_rate=0.05_max_depth=4_min_samples_leaf=20,231.38309883717668,208.9462805594709,1459.3412674109027
avalanche rescue,hgb_max_iter=400_learning_rate=0.05_max_depth=6_min_samples_leaf=20,231.38309883717668,208.9462805594709,1459.3412674109027
avalanche rescue,svr_C=10.0_epsilon=0.01_gamma=auto,232.04912508788868,221.43815871604363,804.9547228013993
avalanche rescue,svr_C=10.0_epsilon=0.1_gamma=auto,232.05869429096057,221.44815871604362,804.956815308653
avalanche rescue,svr_C=10.0_epsilon=0.5_gamma=auto,232.10122626242367,221.49260316048807,804.9661153408922
avalanche rescue,svr_C=10.0_epsilon=1.0_gamma=auto,232.13709166605375,221.52943715540647,804.974718435114
avalanche rescue,hgb_max_iter=400_learning_rate=0.1_max_depth=3_min_samples_leaf=20,232.48075191795897,209.26172288733102,1454.5136431101769
avalanche rescue,hgb_max_iter=400_learning_rate=0.1_max_depth=4_min_samples_leaf=20,232.48075191795897,209.26172288733102,1454.5136431101769
avalanche rescue,hgb_max_iter=400_learning_rate=0.1_max_depth=6_min_samples_leaf=20,232.48075191795897,209.26172288733102,1454.5136431101769
avalanche rescue,hgb_max_iter=100_learning_rate=0.2_max_depth=3_min_samples_leaf=20,233.06326582994083,209.96436929601865,1458.1735459706667
avalanche rescue,hgb_max_iter=100_learning_rate=0.2_max_depth=4_min_samples_leaf=20,233.06326582994083,209.96436929601865,1458.1735459706667
avalanche rescue,hgb_max_iter=100_learning_rate=0.2_max_depth=6_min_samples_leaf=20,233.06326582994083,209.96436929601865,1458.1735459706667
avalanche rescue,svr_C=10.0_epsilon=0.01_gamma=scale,233.13766978947984,222.52552851317276,813.5664773060776
avalanche rescue,svr_C=10.0_epsilon=0.1_gamma=scale,233.14724286543267,222.53552851317275,813.5685698133316
avalanche rescue,svr_C=10.0_epsilon=0.5_gamma=scale,233.1897920211202,222.5799729576172,813.5778698455706
avalanche rescue,svr_C=10.0_epsilon=1.0_gamma=scale,233.24298339423225,222.63552851317274,813.5894948858695
avalanche rescue,hgb_max_iter=200_learning_rate=0.01_max_depth=3_min_samples_leaf=20,234.0460463020202,215.70053277458024,1609.083012703263
avalanche rescue,hgb_max_iter=200_learning_rate=0.01_max_depth=4_min_samples_leaf=20,234.0460463020202,215.70053277458024,1609.083012703263
avalanche rescue,hgb_max_iter=200_learning_rate=0.01_max_depth=6_min_samples_leaf=20,234.0460463020202,215.70053277458024,1609.083012703263
avalanche rescue,hgb_max_iter=200_learning_rate=0.2_max_depth=3_min_samples_leaf=20,235.2781983197195,211.14929461337854,1455.6963221054025
avalanche rescue,hgb_max_iter=200_learning_rate=0.2_max_depth=4_min_samples_leaf=20,235.2781983197195,211.14929461337854,1455.6963221054025
avalanche rescue,hgb_max_iter=200_learning_rate=0.2_max_depth=6_min_samples_leaf=20,235.2781983197195,211.14929461337854,1455.6963221054025
avalanche rescue,hgb_max_iter=400_learning_rate=0.2_max_depth=3_min_samples_leaf=20,236.23780572495428,211.33613110723763,1451.3666835546903
avalanche rescue,hgb_max_iter=400_learning_rate=0.2_max_depth=4_min_samples_leaf=20,236.23780572495428,211.33613110723763,1451.3666835546903
avalanche rescue,hgb_max_iter=400_learning_rate=0.2_max_depth=6_min_samples_leaf=20,236.23780572495428,211.33613110723763,1451.3666835546903
avalanche rescue,hgb_max_iter=100_learning_rate=0.01_max_depth=3_min_samples_leaf=20,244.02936095809576,222.83900282494403,1818.0373373724212
avalanche rescue,hgb_max_iter=100_learning_rate=0.01_max_depth=4_min_samples_leaf=20,244.02936095809576,222.83900282494403,1818.0373373724212
avalanche rescue,hgb_max_iter=100_learning_rate=0.01_max_depth=6_min_samples_leaf=20,244.02936095809576,222.83900282494403,1818.0373373724212
avalanche rescue,svr_C=1.0_epsilon=0.01_gamma=auto,247.59607220049247,236.19694443009314,797.9447714193584
avalanche rescue,svr_C=1.0_epsilon=0.1_gamma=auto,247.59607220049247,236.19694443009314,797.9447714193584
avalanche rescue,svr_C=1.0_epsilon=0.5_gamma=auto,247.59607220049247,236.19694443009314,797.9447714193584
avalanche rescue,svr_C=1.0_epsilon=1.0_gamma=auto,247.59607220049247,236.19694443009314,797.9447714193584
avalanche rescue,svr_C=1.0_epsilon=0.01_gamma=scale,247.7160106515856,236.3095955785399,798.8585606179661
avalanche rescue,svr_C=1.0_epsilon=0.1_gamma=scale,247.7160106515856,236.3095955785399,798.8585606179661
avalanche rescue,svr_C=1.0_epsilon=0.5_gamma=scale,247.7160106515856,236.3095955785399,798.8585606179661
avalanche rescue,svr_C=1.0_epsilon=1.0_gamma=scale,247.7160106515856,236.3095955785399,798.8585606179661
avalanche rescue,svr_C=0.1_epsilon=0.01_gamma=auto,249.0000486333827,237.4696944430093,799.6486282781466
avalanche rescue,svr_C=0.1_epsilon=0.1_gamma=auto,249.0000486333827,237.4696944430093,799.6486282781466
avalanche rescue,svr_C=0.1_epsilon=0.5_gamma=auto,249.0000486333827,237.4696944430093,799.6486282781466
avalanche rescue,svr_C=0.1_epsilon=1.0_gamma=auto,249.0000486333827,237.4696944430093,799.6486282781466
avalanche rescue,svr_C=0.1_epsilon=0.01_gamma=scale,249.01209574519095,237.48095955785396,799.7400071980074
avalanche rescue,svr_C=0.1_epsilon=0.1_gamma=scale,249.01209574519095,237.48095955785396,799.7400071980074
avalanche rescue,svr_C=0.1_epsilon=0.5_gamma=scale,249.01209574519095,237.48095955785396,799.7400071980074
avalanche rescue,svr_C=0.1_epsilon=1.0_gamma=scale,249.01209574519095,237.48095955785396,799.7400071980074
